#
# A fatal error has been detected by the Java Runtime Environment:
#
#  Internal Error (ciMethod.cpp:749), pid=4575, tid=25859
#  guarantee(CURRENT_THREAD_ENV->jvmti_state_changed()) failed: old method not detected
#
# JRE version: OpenJDK Runtime Environment JBR-25+36-176.4-nomod (25.0+36) (build 25+36-b176.4)
# Java VM: OpenJDK 64-Bit Server VM JBR-25+36-176.4-nomod (25+36-b176.4, mixed mode, sharing, tiered, compressed oops, compressed class ptrs, g1 gc, bsd-aarch64)
# No core dump will be written. Core dumps have been disabled. To enable core dumping, try "ulimit -c unlimited" before starting Java again
#
# If you would like to submit a bug report, please visit:
#   https://youtrack.jetbrains.com/issues/JBR
#

---------------  S U M M A R Y ------------

Command Line: -agentlib:jdwp=transport=dt_socket,server=n,suspend=y,address=localhost:49804 --add-opens=java.base/sun.nio.ch=ALL-UNNAMED --add-opens=java.base/java.lang=ALL-UNNAMED --add-opens=java.base/java.lang.reflect=ALL-UNNAMED --add-opens=java.base/java.io=ALL-UNNAMED --add-opens=java.base/sun.security.action=ALL-UNNAMED --add-opens=java.desktop/java.beans=ALL-UNNAMED --add-opens=java.desktop/com.sun.beans=ALL-UNNAMED --add-opens=java.desktop/com.sun.beans.introspect=ALL-UNNAMED --add-opens=java.desktop/com.sun.beans.util=ALL-UNNAMED --add-opens=java.base/jdk.internal.loader=ALL-UNNAMED -XX:+AllowEnhancedClassRedefinition -XX:+ClassUnloading -javaagent:/Users/walid/.vaadin/vscode-plugin/hotswap-agent.jar -XX:+ShowCodeDetailsInExceptionMessages com.example.Application

Host: "Mac14,7" arm64, 8 cores, 8G, Darwin 24.6.0, macOS 15.6 (24G84)
Time: Mon May 11 12:19:04 2026 CEST elapsed time: 2418.772389 seconds (0d 0h 40m 18s)

---------------  T H R E A D  ---------------

Current thread (0x00000001408ad400):  JavaThread "C2 CompilerThread0" daemon [_thread_in_vm, id=25859, stack(0x0000000170db4000,0x0000000170fb7000) (2060K)]


Current CompileTask:
C2:2418772 39629       4       org.hibernate.sql.results.internal.StandardRowReader::coordinateInitializers (133 bytes)

Stack: [0x0000000170db4000,0x0000000170fb7000],  sp=0x0000000170fb0910,  free space=2034k
Native frames: (J=compiled Java code, j=interpreted, Vv=VM code, C=native code)
V  [libjvm.dylib+0xb92a80]  VMError::report(outputStream*, bool)+0x944  (ciMethod.cpp:749)
V  [libjvm.dylib+0xb97058]  VMError::report_and_die(int, char const*, char const*, char*, Thread*, unsigned char*, void const*, void const*, char const*, int, unsigned long)+0x528
V  [libjvm.dylib+0x31a054]  print_error_for_unit_test(char const*, char const*, char*)+0x0
V  [libjvm.dylib+0x24a1c4]  ciMethod::resolve_invoke(ciKlass*, ciKlass*, bool, bool)+0x0
V  [libjvm.dylib+0x393f90]  Compile::optimize_inlining(ciMethod*, ciInstanceKlass*, ciKlass*, ciMethod*, TypeOopPtr const*, bool)+0x168
V  [libjvm.dylib+0x39203c]  Parse::do_call()+0x220
V  [libjvm.dylib+0x8d7544]  Parse::do_one_block()+0x2a0
V  [libjvm.dylib+0x8d6618]  Parse::do_all_blocks()+0x4d0
V  [libjvm.dylib+0x8d4578]  Parse::Parse(JVMState*, ciMethod*, float)+0x6f4
V  [libjvm.dylib+0x20dc74]  ParseGenerator::generate(JVMState*)+0x7c
V  [libjvm.dylib+0x39238c]  Parse::do_call()+0x570
V  [libjvm.dylib+0x8d7544]  Parse::do_one_block()+0x2a0
V  [libjvm.dylib+0x8d6618]  Parse::do_all_blocks()+0x4d0
V  [libjvm.dylib+0x8d4578]  Parse::Parse(JVMState*, ciMethod*, float)+0x6f4
V  [libjvm.dylib+0x20dc74]  ParseGenerator::generate(JVMState*)+0x7c
V  [libjvm.dylib+0x20fdf4]  PredictedCallGenerator::generate(JVMState*)+0x2f0
V  [libjvm.dylib+0x39238c]  Parse::do_call()+0x570
V  [libjvm.dylib+0x8d7544]  Parse::do_one_block()+0x2a0
V  [libjvm.dylib+0x8d6618]  Parse::do_all_blocks()+0x4d0
V  [libjvm.dylib+0x8d4578]  Parse::Parse(JVMState*, ciMethod*, float)+0x6f4
V  [libjvm.dylib+0x20dc74]  ParseGenerator::generate(JVMState*)+0x7c
V  [libjvm.dylib+0x20fdf4]  PredictedCallGenerator::generate(JVMState*)+0x2f0
V  [libjvm.dylib+0x39238c]  Parse::do_call()+0x570
V  [libjvm.dylib+0x8d7544]  Parse::do_one_block()+0x2a0
V  [libjvm.dylib+0x8d6618]  Parse::do_all_blocks()+0x4d0
V  [libjvm.dylib+0x8d4578]  Parse::Parse(JVMState*, ciMethod*, float)+0x6f4
V  [libjvm.dylib+0x20dc74]  ParseGenerator::generate(JVMState*)+0x7c
V  [libjvm.dylib+0x20fdf4]  PredictedCallGenerator::generate(JVMState*)+0x2f0
V  [libjvm.dylib+0x39238c]  Parse::do_call()+0x570
V  [libjvm.dylib+0x8d7544]  Parse::do_one_block()+0x2a0
V  [libjvm.dylib+0x8d6618]  Parse::do_all_blocks()+0x4d0
V  [libjvm.dylib+0x8d4578]  Parse::Parse(JVMState*, ciMethod*, float)+0x6f4
V  [libjvm.dylib+0x20dc74]  ParseGenerator::generate(JVMState*)+0x7c
V  [libjvm.dylib+0x20fdf4]  PredictedCallGenerator::generate(JVMState*)+0x2f0
V  [libjvm.dylib+0x39238c]  Parse::do_call()+0x570
V  [libjvm.dylib+0x8d7544]  Parse::do_one_block()+0x2a0
V  [libjvm.dylib+0x8d6618]  Parse::do_all_blocks()+0x4d0
V  [libjvm.dylib+0x8d4578]  Parse::Parse(JVMState*, ciMethod*, float)+0x6f4
V  [libjvm.dylib+0x20dc74]  ParseGenerator::generate(JVMState*)+0x7c
V  [libjvm.dylib+0x20fdf4]  PredictedCallGenerator::generate(JVMState*)+0x2f0
V  [libjvm.dylib+0x39238c]  Parse::do_call()+0x570
V  [libjvm.dylib+0x8d7544]  Parse::do_one_block()+0x2a0
V  [libjvm.dylib+0x8d6618]  Parse::do_all_blocks()+0x4d0
V  [libjvm.dylib+0x8d4578]  Parse::Parse(JVMState*, ciMethod*, float)+0x6f4
V  [libjvm.dylib+0x20dc74]  ParseGenerator::generate(JVMState*)+0x7c
V  [libjvm.dylib+0x20fdf4]  PredictedCallGenerator::generate(JVMState*)+0x2f0
V  [libjvm.dylib+0x39238c]  Parse::do_call()+0x570
V  [libjvm.dylib+0x8d7544]  Parse::do_one_block()+0x2a0
V  [libjvm.dylib+0x8d6618]  Parse::do_all_blocks()+0x4d0
V  [libjvm.dylib+0x8d4578]  Parse::Parse(JVMState*, ciMethod*, float)+0x6f4
V  [libjvm.dylib+0x20dc74]  ParseGenerator::generate(JVMState*)+0x7c
V  [libjvm.dylib+0x20fdf4]  PredictedCallGenerator::generate(JVMState*)+0x2f0
V  [libjvm.dylib+0x20fdf4]  PredictedCallGenerator::generate(JVMState*)+0x2f0
V  [libjvm.dylib+0x39238c]  Parse::do_call()+0x570
V  [libjvm.dylib+0x8d7544]  Parse::do_one_block()+0x2a0
V  [libjvm.dylib+0x8d6618]  Parse::do_all_blocks()+0x4d0
V  [libjvm.dylib+0x8d4578]  Parse::Parse(JVMState*, ciMethod*, float)+0x6f4
V  [libjvm.dylib+0x20dc74]  ParseGenerator::generate(JVMState*)+0x7c
V  [libjvm.dylib+0x20fdf4]  PredictedCallGenerator::generate(JVMState*)+0x2f0
V  [libjvm.dylib+0x39238c]  Parse::do_call()+0x570
V  [libjvm.dylib+0x8d7544]  Parse::do_one_block()+0x2a0
V  [libjvm.dylib+0x8d6618]  Parse::do_all_blocks()+0x4d0
V  [libjvm.dylib+0x8d4578]  Parse::Parse(JVMState*, ciMethod*, float)+0x6f4
V  [libjvm.dylib+0x20dc74]  ParseGenerator::generate(JVMState*)+0x7c
V  [libjvm.dylib+0x20fdf4]  PredictedCallGenerator::generate(JVMState*)+0x2f0
V  [libjvm.dylib+0x39238c]  Parse::do_call()+0x570
V  [libjvm.dylib+0x8d7544]  Parse::do_one_block()+0x2a0
V  [libjvm.dylib+0x8d6618]  Parse::do_all_blocks()+0x4d0
V  [libjvm.dylib+0x8d4578]  Parse::Parse(JVMState*, ciMethod*, float)+0x6f4
V  [libjvm.dylib+0x20dc74]  ParseGenerator::generate(JVMState*)+0x7c
V  [libjvm.dylib+0x20fdf4]  PredictedCallGenerator::generate(JVMState*)+0x2f0
V  [libjvm.dylib+0x39238c]  Parse::do_call()+0x570
V  [libjvm.dylib+0x8d7544]  Parse::do_one_block()+0x2a0
V  [libjvm.dylib+0x8d6618]  Parse::do_all_blocks()+0x4d0
V  [libjvm.dylib+0x8d4578]  Parse::Parse(JVMState*, ciMethod*, float)+0x6f4
V  [libjvm.dylib+0x20dc74]  ParseGenerator::generate(JVMState*)+0x7c
V  [libjvm.dylib+0x20fdf4]  PredictedCallGenerator::generate(JVMState*)+0x2f0
V  [libjvm.dylib+0x39238c]  Parse::do_call()+0x570
V  [libjvm.dylib+0x8d7544]  Parse::do_one_block()+0x2a0
V  [libjvm.dylib+0x8d6618]  Parse::do_all_blocks()+0x4d0
V  [libjvm.dylib+0x8d4578]  Parse::Parse(JVMState*, ciMethod*, float)+0x6f4
V  [libjvm.dylib+0x20dc74]  ParseGenerator::generate(JVMState*)+0x7c
V  [libjvm.dylib+0x20fdf4]  PredictedCallGenerator::generate(JVMState*)+0x2f0
V  [libjvm.dylib+0x39238c]  Parse::do_call()+0x570
V  [libjvm.dylib+0x8d7544]  Parse::do_one_block()+0x2a0
V  [libjvm.dylib+0x8d6618]  Parse::do_all_blocks()+0x4d0
V  [libjvm.dylib+0x8d4578]  Parse::Parse(JVMState*, ciMethod*, float)+0x6f4
V  [libjvm.dylib+0x20dc74]  ParseGenerator::generate(JVMState*)+0x7c
V  [libjvm.dylib+0x20fdf4]  PredictedCallGenerator::generate(JVMState*)+0x2f0
V  [libjvm.dylib+0x20fdf4]  PredictedCallGenerator::generate(JVMState*)+0x2f0
V  [libjvm.dylib+0x39238c]  Parse::do_call()+0x570
V  [libjvm.dylib+0x8d7544]  Parse::do_one_block()+0x2a0
V  [libjvm.dylib+0x8d6618]  Parse::do_all_blocks()+0x4d0
V  [libjvm.dylib+0x8d4578]  Parse::Parse(JVMState*, ciMethod*, float)+0x6f4
V  [libjvm.dylib+0x20dc74]  ParseGenerator::generate(JVMState*)+0x7c
V  [libjvm.dylib+0x2c42d8]  Compile::Compile(ciEnv*, ciMethod*, int, Options, DirectiveSet*)+0xbc4
V  [libjvm.dylib+0x20cd04]  C2Compiler::compile_method(ciEnv*, ciMethod*, int, bool, DirectiveSet*)+0x1c4
V  [libjvm.dylib+0x2d6d80]  CompileBroker::invoke_compiler_on_method(CompileTask*)+0xfe8
V  [libjvm.dylib+0x2d5b54]  CompileBroker::compiler_thread_loop()+0x4f0
V  [libjvm.dylib+0x509770]  JavaThread::thread_main_inner()+0x9c
...<more frames>...
Lock stack of current Java thread (top to bottom):


---------------  P R O C E S S  ---------------

Threads class SMR info:
_java_thread_list=0x0000000125354450, length=62, elements={
0x00000001408a5400, 0x00000001408a5c00, 0x00000001408a6400, 0x0000000142010000,
0x00000001408ac400, 0x00000001408acc00, 0x00000001408ad400, 0x0000000142018800,
0x00000001418ef800, 0x0000000125808a00, 0x000000012580b600, 0x0000000140a2c400,
0x0000000125843600, 0x0000000140a39600, 0x0000000140a37400, 0x0000000125cb8600,
0x00000001419bfa00, 0x0000000143134e00, 0x0000000143173200, 0x0000000127b3a600,
0x0000000140c05a00, 0x00000001422c8200, 0x0000000127826400, 0x0000000142c6de00,
0x0000000141b3de00, 0x0000000141d9f400, 0x0000000141ea7800, 0x000000016807a600,
0x000000016807ae00, 0x000000016807b600, 0x000000016807f400, 0x0000000141c3d600,
0x0000000141edea00, 0x0000000141edf200, 0x000000016807fc00, 0x0000000142c41400,
0x0000000168849e00, 0x0000000142c3f600, 0x00000001422c2600, 0x00000001681f0e00,
0x00000001681f4000, 0x0000000141e8fa00, 0x0000000141ecc800, 0x0000000141b3ca00,
0x00000001689f8a00, 0x00000001419c4200, 0x0000000141f46400, 0x00000001425d0200,
0x000000014267c000, 0x0000000143ffb400, 0x000000014354d000, 0x000000012589c000,
0x0000000125b92000, 0x0000000125b92800, 0x000000016866bc00, 0x000000016866da00,
0x0000000142ca3400, 0x00000001418ea000, 0x00000001418ea800, 0x000000016866e200,
0x0000000143729e00, 0x000000014306b600
}

Java Threads: ( => current thread )
  0x00000001408a5400 JavaThread "Common-Cleaner"             daemon [_thread_blocked, id=29443, stack(0x000000017016c000,0x000000017036f000) (2060K)]
  0x00000001408a5c00 JavaThread "Reference Handler"          daemon [_thread_blocked, id=24579, stack(0x0000000170378000,0x000000017057b000) (2060K)]
  0x00000001408a6400 JavaThread "Finalizer"                  daemon [_thread_blocked, id=24835, stack(0x0000000170584000,0x0000000170787000) (2060K)]
  0x0000000142010000 JavaThread "Signal Dispatcher"          daemon [_thread_blocked, id=28675, stack(0x0000000170790000,0x0000000170993000) (2060K)]
  0x00000001408ac400 JavaThread "Service Thread"             daemon [_thread_blocked, id=28163, stack(0x000000017099c000,0x0000000170b9f000) (2060K)]
  0x00000001408acc00 JavaThread "Monitor Deflation Thread"   daemon [_thread_blocked, id=25347, stack(0x0000000170ba8000,0x0000000170dab000) (2060K)]
=>0x00000001408ad400 JavaThread "C2 CompilerThread0"         daemon [_thread_in_vm, id=25859, stack(0x0000000170db4000,0x0000000170fb7000) (2060K)]
  0x0000000142018800 JavaThread "C1 CompilerThread0"         daemon [_thread_blocked, id=27651, stack(0x0000000170fc0000,0x00000001711c3000) (2060K)]
  0x00000001418ef800 JavaThread "JDWP Transport Listener: dt_socket" daemon [_thread_blocked, id=26371, stack(0x00000001711cc000,0x00000001713cf000) (2060K)]
  0x0000000125808a00 JavaThread "JDWP Event Helper Thread"   daemon [_thread_blocked, id=26627, stack(0x00000001713d8000,0x00000001715db000) (2060K)]
  0x000000012580b600 JavaThread "JDWP Command Reader"        daemon [_thread_in_native, id=32771, stack(0x00000001715e4000,0x00000001717e7000) (2060K)]
  0x0000000140a2c400 JavaThread "FileSystemWatcher"          daemon [_thread_in_native, id=33027, stack(0x00000001717f0000,0x00000001719f3000) (2060K)]
  0x0000000125843600 JavaThread "HotSwap Watcher"            daemon [_thread_blocked, id=42499, stack(0x00000001719fc000,0x0000000171bff000) (2060K)]
  0x0000000140a39600 JavaThread "HotSwap Dispatcher"         daemon [_thread_blocked, id=34051, stack(0x0000000171c08000,0x0000000171e0b000) (2060K)]
  0x0000000140a37400 JavaThread "Thread-2"                   daemon [_thread_blocked, id=34563, stack(0x0000000171e14000,0x0000000172017000) (2060K)]
  0x0000000125cb8600 JavaThread "Notification Thread"        daemon [_thread_blocked, id=35075, stack(0x0000000172020000,0x0000000172223000) (2060K)]
  0x00000001419bfa00 JavaThread "vaadin-dev-server-1"        daemon [_thread_blocked, id=62471, stack(0x0000000173498000,0x000000017369b000) (2060K)]
  0x0000000143134e00 JavaThread "vaadin-dev-server-2"        daemon [_thread_blocked, id=61959, stack(0x00000001738b0000,0x0000000173ab3000) (2060K)]
  0x0000000143173200 JavaThread "Catalina-utility-1"                [_thread_blocked, id=63239, stack(0x0000000173abc000,0x0000000173cbf000) (2060K)]
  0x0000000127b3a600 JavaThread "Catalina-utility-2"                [_thread_blocked, id=24071, stack(0x0000000173cc8000,0x0000000173ecb000) (2060K)]
  0x0000000140c05a00 JavaThread "container-0"                       [_thread_blocked, id=46083, stack(0x0000000173ed4000,0x00000001740d7000) (2060K)]
  0x00000001422c8200 JavaThread "Cleaner-0"                  daemon [_thread_blocked, id=46595, stack(0x00000001740e0000,0x00000001742e3000) (2060K)]
  0x0000000127826400 JavaThread "HikariPool-1:housekeeper"   daemon [_thread_blocked, id=47107, stack(0x00000001742ec000,0x00000001744ef000) (2060K)]
  0x0000000142c6de00 JavaThread "http-nio-8080-exec-1"       daemon [_thread_blocked, id=60675, stack(0x0000000174d28000,0x0000000174f2b000) (2060K)]
  0x0000000141b3de00 JavaThread "http-nio-8080-exec-2"       daemon [_thread_blocked, id=60163, stack(0x0000000174f34000,0x0000000175137000) (2060K)]
  0x0000000141d9f400 JavaThread "http-nio-8080-exec-3"       daemon [_thread_blocked, id=49667, stack(0x0000000175140000,0x0000000175343000) (2060K)]
  0x0000000141ea7800 JavaThread "http-nio-8080-exec-4"       daemon [_thread_blocked, id=59907, stack(0x000000017534c000,0x000000017554f000) (2060K)]
  0x000000016807a600 JavaThread "http-nio-8080-exec-5"       daemon [_thread_blocked, id=59651, stack(0x0000000175558000,0x000000017575b000) (2060K)]
  0x000000016807ae00 JavaThread "http-nio-8080-exec-6"       daemon [_thread_blocked, id=59139, stack(0x0000000175764000,0x0000000175967000) (2060K)]
  0x000000016807b600 JavaThread "http-nio-8080-exec-7"       daemon [_thread_blocked, id=58883, stack(0x0000000175970000,0x0000000175b73000) (2060K)]
  0x000000016807f400 JavaThread "http-nio-8080-exec-8"       daemon [_thread_blocked, id=58627, stack(0x0000000175b7c000,0x0000000175d7f000) (2060K)]
  0x0000000141c3d600 JavaThread "http-nio-8080-exec-9"       daemon [_thread_blocked, id=51203, stack(0x0000000175d88000,0x0000000175f8b000) (2060K)]
  0x0000000141edea00 JavaThread "http-nio-8080-exec-10"      daemon [_thread_blocked, id=51715, stack(0x0000000175f94000,0x0000000176197000) (2060K)]
  0x0000000141edf200 JavaThread "http-nio-8080-Poller"       daemon [_thread_in_native, id=58371, stack(0x00000001761a0000,0x00000001763a3000) (2060K)]
  0x000000016807fc00 JavaThread "http-nio-8080-Acceptor"     daemon [_thread_in_native, id=57859, stack(0x00000001763ac000,0x00000001765af000) (2060K)]
  0x0000000142c41400 JavaThread "DestroyJavaVM"                     [_thread_blocked, id=4867, stack(0x000000016eff4000,0x000000016f1f7000) (2060K)]
  0x0000000168849e00 JavaThread "JNA Cleaner"                daemon [_thread_blocked, id=85371, stack(0x00000001744f8000,0x00000001746fb000) (2060K)]
  0x0000000142c3f600 JavaThread "WatchService for /Users/walid/Desktop/P2_Projekt GITHUB/P2-Projekt/src/main/resources/META-INF/resources" daemon [_thread_in_native, id=78387, stack(0x00000001765f8000,0x00000001767fb000) (2060K)]
  0x00000001422c2600 JavaThread "vaadin-file-watcher-1"      daemon [_thread_blocked, id=47895, stack(0x0000000176804000,0x0000000176a07000) (2060K)]
  0x00000001681f0e00 JavaThread "WatchService for /Users/walid/Desktop/P2_Projekt GITHUB/P2-Projekt/src/main/java" daemon [_thread_in_native, id=48647, stack(0x0000000174704000,0x0000000174907000) (2060K)]
  0x00000001681f4000 JavaThread "vaadin-file-watcher-2"      daemon [_thread_blocked, id=65607, stack(0x0000000177658000,0x000000017785b000) (2060K)]
  0x0000000141e8fa00 JavaThread "com.vaadin.copilot.shaded.reactor-http-nio-1" daemon [_thread_in_native, id=107059, stack(0x0000000176e28000,0x000000017702b000) (2060K)]
  0x0000000141ecc800 JavaThread "com.vaadin.copilot.shaded.reactor-http-nio-2" daemon [_thread_in_native, id=131387, stack(0x0000000177a70000,0x0000000177c73000) (2060K)]
  0x0000000141b3ca00 JavaThread "com.vaadin.copilot.shaded.reactor-http-nio-3" daemon [_thread_in_native, id=89903, stack(0x0000000300004000,0x0000000300207000) (2060K)]
  0x00000001689f8a00 JavaThread "com.vaadin.copilot.shaded.reactor-http-nio-4" daemon [_thread_in_native, id=119311, stack(0x000000030041c000,0x000000030061f000) (2060K)]
  0x00000001419c4200 JavaThread "com.vaadin.copilot.shaded.reactor-http-nio-5" daemon [_thread_in_native, id=86819, stack(0x0000000300628000,0x000000030082b000) (2060K)]
  0x0000000141f46400 JavaThread "com.vaadin.copilot.shaded.reactor-http-nio-6" daemon [_thread_in_native, id=105763, stack(0x0000000300834000,0x0000000300a37000) (2060K)]
  0x00000001425d0200 JavaThread "com.vaadin.copilot.shaded.reactor-http-nio-7" daemon [_thread_in_native, id=121967, stack(0x0000000300e58000,0x000000030105b000) (2060K)]
  0x000000014267c000 JavaThread "com.vaadin.copilot.shaded.reactor-http-nio-8" daemon [_thread_in_native, id=131619, stack(0x0000000301064000,0x0000000301267000) (2060K)]
  0x0000000143ffb400 JavaThread "Atmosphere-Scheduler-137"   daemon [_thread_blocked, id=52247, stack(0x0000000173080000,0x0000000173283000) (2060K)]
  0x000000014354d000 JavaThread "Atmosphere-Shared-0"        daemon [_thread_blocked, id=105599, stack(0x0000000300c4c000,0x0000000300e4f000) (2060K)]
  0x000000012589c000 JavaThread "Atmosphere-Shared-16"       daemon [_thread_blocked, id=118419, stack(0x0000000174910000,0x0000000174b13000) (2060K)]
  0x0000000125b92000 JavaThread "Atmosphere-Scheduler-146"   daemon [_thread_blocked, id=90955, stack(0x00000001736a4000,0x00000001738a7000) (2060K)]
  0x0000000125b92800 JavaThread "Atmosphere-Scheduler-147"   daemon [_thread_blocked, id=55479, stack(0x0000000174b1c000,0x0000000174d1f000) (2060K)]
  0x000000016866bc00 JavaThread "Atmosphere-Scheduler-148"   daemon [_thread_blocked, id=115091, stack(0x0000000176a10000,0x0000000176c13000) (2060K)]
  0x000000016866da00 JavaThread "Atmosphere-Scheduler-149"   daemon [_thread_blocked, id=125299, stack(0x0000000176c1c000,0x0000000176e1f000) (2060K)]
  0x0000000142ca3400 JavaThread "Atmosphere-Shared-17"       daemon [_thread_blocked, id=60979, stack(0x0000000177240000,0x0000000177443000) (2060K)]
  0x00000001418ea000 JavaThread "Atmosphere-Scheduler-150"   daemon [_thread_blocked, id=68891, stack(0x000000017744c000,0x000000017764f000) (2060K)]
  0x00000001418ea800 JavaThread "Atmosphere-Scheduler-151"   daemon [_thread_blocked, id=108659, stack(0x0000000177864000,0x0000000177a67000) (2060K)]
  0x000000016866e200 JavaThread "Atmosphere-Scheduler-152"   daemon [_thread_blocked, id=43543, stack(0x0000000300210000,0x0000000300413000) (2060K)]
  0x0000000143729e00 JavaThread "WebSocket background processing" daemon [_thread_blocked, id=118567, stack(0x0000000300a40000,0x0000000300c43000) (2060K)]
  0x000000014306b600 JavaThread "Atmosphere-Shared-18"       daemon [_thread_blocked, id=80443, stack(0x0000000301270000,0x0000000301473000) (2060K)]
Total: 62

Other Threads:
  0x0000000141818400 VMThread "VM Thread"                           [id=18691, stack(0x000000016fe48000,0x000000017004b000) (2060K)]
  0x000000014063b970 WatcherThread "VM Periodic Task Thread"        [id=20999, stack(0x000000016fc3c000,0x000000016fe3f000) (2060K)]
  0x0000000140815a00 WorkerThread "GC Thread#0"                     [id=11779, stack(0x000000016f200000,0x000000016f403000) (2060K)]
  0x0000000142576000 WorkerThread "GC Thread#1"                     [id=35587, stack(0x000000017222c000,0x000000017242f000) (2060K)]
  0x0000000142576600 WorkerThread "GC Thread#2"                     [id=35843, stack(0x0000000172438000,0x000000017263b000) (2060K)]
  0x000000012799d200 WorkerThread "GC Thread#3"                     [id=41731, stack(0x0000000172644000,0x0000000172847000) (2060K)]
  0x000000012799d800 WorkerThread "GC Thread#4"                     [id=36355, stack(0x0000000172850000,0x0000000172a53000) (2060K)]
  0x000000012799de00 WorkerThread "GC Thread#5"                     [id=36611, stack(0x0000000172a5c000,0x0000000172c5f000) (2060K)]
  0x00000001279c8c00 WorkerThread "GC Thread#6"                     [id=36867, stack(0x0000000172c68000,0x0000000172e6b000) (2060K)]
  0x00000001279c9200 WorkerThread "GC Thread#7"                     [id=37379, stack(0x0000000172e74000,0x0000000173077000) (2060K)]
  0x000000014085f200 ConcurrentGCThread "G1 Main Marker"            [id=12291, stack(0x000000016f40c000,0x000000016f60f000) (2060K)]
  0x000000014085f800 WorkerThread "G1 Conc#0"                       [id=12547, stack(0x000000016f618000,0x000000016f81b000) (2060K)]
  0x0000000127944c00 WorkerThread "G1 Conc#1"                       [id=37891, stack(0x000000017328c000,0x000000017348f000) (2060K)]
  0x000000014088fe00 ConcurrentGCThread "G1 Refine#0"               [id=21507, stack(0x000000016f824000,0x000000016fa27000) (2060K)]
  0x0000000140890400 ConcurrentGCThread "G1 Service"                [id=21251, stack(0x000000016fa30000,0x000000016fc33000) (2060K)]
Total: 15

Threads with active compile tasks:
C2 CompilerThread0  2418834 39629       4       org.hibernate.sql.results.internal.StandardRowReader::coordinateInitializers (133 bytes)
C1 CompilerThread0  2418834 39797   !   2       org.postgresql.jdbc.PgStatement::executeInternal (398 bytes)
Total: 2

VM state: not at safepoint (normal execution)

VM Mutex/Monitor currently owned by a thread: None

Heap address: 0x0000000780000000, size: 2048 MB, Compressed Oops mode: Zero based, Oop shift amount: 3

CDS archive(s) mapped at: [0x000000c000000000-0x000000c001cb0000-0x000000c001cb0000), size 30081024, SharedBaseAddress: 0x000000c000000000, ArchiveRelocationMode: 1.
Compressed class space mapped at: 0x000000c002000000-0x000000c042000000, reserved size: 1073741824
UseCompressedClassPointers 1, UseCompactObjectHeaders 0
Narrow klass pointer bits 32, Max shift 3
Narrow klass base: 0x000000c000000000, Narrow klass shift: 0
Encoding Range: [0x000000c000000000 - 0x000000c100000000), (4294967296 bytes)
Klass Range:    [0x000000c000004000 - 0x000000c042000000), (1107279872 bytes)
Klass ID Range:  [16384 - 1107296249) (1107279865)
Protection zone: [0x000000c000000000 - 0x000000c000004000), (16384 bytes)

GC Precious Log:
 CardTable entry size: 512
 Card Set container configuration: InlinePtr #cards 5 size 8 Array Of Cards #cards 10 size 36 Howl #buckets 4 coarsen threshold 1843 Howl Bitmap #cards 512 size 80 coarsen threshold 460 Card regions per heap region 1 cards per card region 2048
 CPUs: 8 total, 8 available
 Memory: 8192M
 Large Page Support: Disabled
 NUMA Support: Disabled
 Compressed Oops: Enabled (Zero based)
 Heap Region Size: 1M
 Heap Min Capacity: 8M
 Heap Initial Capacity: 128M
 Heap Max Capacity: 2G
 Pre-touch: Disabled
 Parallel Workers: 8
 Concurrent Workers: 2
 Concurrent Refinement Workers: 8
 Periodic GC: Disabled

Heap:
 garbage-first heap   total reserved 2097152K, committed 281600K, used 190164K [0x0000000780000000, 0x0000000800000000)
  region size 1024K, 69 young (70656K), 7 survivors (7168K)

Heap Regions: E=young(eden), S=young(survivor), O=old, HS=humongous(starts), HC=humongous(continues), CS=collection set, F=free, TAMS=top-at-mark-start, PB=parsable bottom
|   0|0x0000000780000000, 0x0000000780100000, 0x0000000780100000|100%|HS|  |TAMS 0x0000000780000000| PB 0x0000000780000000| Complete |  0
|   1|0x0000000780100000, 0x0000000780200000, 0x0000000780200000|100%|HC|  |TAMS 0x0000000780100000| PB 0x0000000780100000| Complete |  0
|   2|0x0000000780200000, 0x0000000780300000, 0x0000000780300000|100%|HS|  |TAMS 0x0000000780200000| PB 0x0000000780200000| Complete |  0
|   3|0x0000000780300000, 0x0000000780400000, 0x0000000780400000|100%|HS|  |TAMS 0x0000000780300000| PB 0x0000000780300000| Complete |  0
|   4|0x0000000780400000, 0x0000000780500000, 0x0000000780500000|100%| O|  |TAMS 0x0000000780400000| PB 0x0000000780400000| Untracked |  0
|   5|0x0000000780500000, 0x0000000780600000, 0x0000000780600000|100%| O|  |TAMS 0x0000000780500000| PB 0x0000000780500000| Untracked |  0
|   6|0x0000000780600000, 0x0000000780700000, 0x0000000780700000|100%| O|  |TAMS 0x0000000780600000| PB 0x0000000780600000| Untracked |  0
|   7|0x0000000780700000, 0x0000000780800000, 0x0000000780800000|100%| O|  |TAMS 0x0000000780700000| PB 0x0000000780700000| Untracked |  0
|   8|0x0000000780800000, 0x0000000780900000, 0x0000000780900000|100%| O|  |TAMS 0x0000000780800000| PB 0x0000000780800000| Untracked |  0
|   9|0x0000000780900000, 0x0000000780a00000, 0x0000000780a00000|100%| O|  |TAMS 0x0000000780900000| PB 0x0000000780900000| Untracked |  0
|  10|0x0000000780a00000, 0x0000000780b00000, 0x0000000780b00000|100%| O|  |TAMS 0x0000000780a00000| PB 0x0000000780a00000| Untracked |  0
|  11|0x0000000780b00000, 0x0000000780c00000, 0x0000000780c00000|100%| O|  |TAMS 0x0000000780b00000| PB 0x0000000780b00000| Untracked |  0
|  12|0x0000000780c00000, 0x0000000780d00000, 0x0000000780d00000|100%| O|  |TAMS 0x0000000780c00000| PB 0x0000000780c00000| Untracked |  0
|  13|0x0000000780d00000, 0x0000000780e00000, 0x0000000780e00000|100%| O|  |TAMS 0x0000000780d00000| PB 0x0000000780d00000| Untracked |  0
|  14|0x0000000780e00000, 0x0000000780f00000, 0x0000000780f00000|100%| O|  |TAMS 0x0000000780e00000| PB 0x0000000780e00000| Untracked |  0
|  15|0x0000000780f00000, 0x0000000781000000, 0x0000000781000000|100%| O|  |TAMS 0x0000000780f00000| PB 0x0000000780f00000| Untracked |  0
|  16|0x0000000781000000, 0x0000000781100000, 0x0000000781100000|100%| O|  |TAMS 0x0000000781000000| PB 0x0000000781000000| Untracked |  0
|  17|0x0000000781100000, 0x0000000781200000, 0x0000000781200000|100%| O|  |TAMS 0x0000000781100000| PB 0x0000000781100000| Untracked |  0
|  18|0x0000000781200000, 0x0000000781300000, 0x0000000781300000|100%| O|  |TAMS 0x0000000781200000| PB 0x0000000781200000| Untracked |  0
|  19|0x0000000781300000, 0x0000000781400000, 0x0000000781400000|100%| O|  |TAMS 0x0000000781300000| PB 0x0000000781300000| Untracked |  0
|  20|0x0000000781400000, 0x0000000781500000, 0x0000000781500000|100%| O|  |TAMS 0x0000000781400000| PB 0x0000000781400000| Untracked |  0
|  21|0x0000000781500000, 0x0000000781600000, 0x0000000781600000|100%| O|  |TAMS 0x0000000781500000| PB 0x0000000781500000| Untracked |  0
|  22|0x0000000781600000, 0x0000000781700000, 0x0000000781700000|100%| O|  |TAMS 0x0000000781600000| PB 0x0000000781600000| Untracked |  0
|  23|0x0000000781700000, 0x0000000781800000, 0x0000000781800000|100%| O|  |TAMS 0x0000000781700000| PB 0x0000000781700000| Untracked |  0
|  24|0x0000000781800000, 0x0000000781900000, 0x0000000781900000|100%| O|  |TAMS 0x0000000781800000| PB 0x0000000781800000| Untracked |  0
|  25|0x0000000781900000, 0x0000000781a00000, 0x0000000781a00000|100%| O|Cm|TAMS 0x0000000781900000| PB 0x0000000781900000| Complete |  0
|  26|0x0000000781a00000, 0x0000000781b00000, 0x0000000781b00000|100%| O|  |TAMS 0x0000000781a00000| PB 0x0000000781a00000| Untracked |  0
|  27|0x0000000781b00000, 0x0000000781c00000, 0x0000000781c00000|100%| O|  |TAMS 0x0000000781b00000| PB 0x0000000781b00000| Untracked |  0
|  28|0x0000000781c00000, 0x0000000781d00000, 0x0000000781d00000|100%| O|  |TAMS 0x0000000781c00000| PB 0x0000000781c00000| Untracked |  0
|  29|0x0000000781d00000, 0x0000000781e00000, 0x0000000781e00000|100%| O|  |TAMS 0x0000000781d00000| PB 0x0000000781d00000| Untracked |  0
|  30|0x0000000781e00000, 0x0000000781f00000, 0x0000000781f00000|100%| O|  |TAMS 0x0000000781e00000| PB 0x0000000781e00000| Untracked |  0
|  31|0x0000000781f00000, 0x0000000782000000, 0x0000000782000000|100%| O|  |TAMS 0x0000000781f00000| PB 0x0000000781f00000| Untracked |  0
|  32|0x0000000782000000, 0x0000000782100000, 0x0000000782100000|100%| O|  |TAMS 0x0000000782000000| PB 0x0000000782000000| Untracked |  0
|  33|0x0000000782100000, 0x0000000782200000, 0x0000000782200000|100%| O|  |TAMS 0x0000000782100000| PB 0x0000000782100000| Untracked |  0
|  34|0x0000000782200000, 0x0000000782300000, 0x0000000782300000|100%| O|  |TAMS 0x0000000782200000| PB 0x0000000782200000| Untracked |  0
|  35|0x0000000782300000, 0x0000000782400000, 0x0000000782400000|100%| O|  |TAMS 0x0000000782300000| PB 0x0000000782300000| Untracked |  0
|  36|0x0000000782400000, 0x0000000782500000, 0x0000000782500000|100%| O|  |TAMS 0x0000000782400000| PB 0x0000000782400000| Untracked |  0
|  37|0x0000000782500000, 0x0000000782600000, 0x0000000782600000|100%|HS|  |TAMS 0x0000000782500000| PB 0x0000000782500000| Complete |  0
|  38|0x0000000782600000, 0x0000000782700000, 0x0000000782700000|100%| O|  |TAMS 0x0000000782600000| PB 0x0000000782600000| Untracked |  0
|  39|0x0000000782700000, 0x0000000782800000, 0x0000000782800000|100%| O|  |TAMS 0x0000000782700000| PB 0x0000000782700000| Untracked |  0
|  40|0x0000000782800000, 0x0000000782900000, 0x0000000782900000|100%| O|  |TAMS 0x0000000782800000| PB 0x0000000782800000| Untracked |  0
|  41|0x0000000782900000, 0x0000000782a00000, 0x0000000782a00000|100%| O|  |TAMS 0x0000000782900000| PB 0x0000000782900000| Untracked |  0
|  42|0x0000000782a00000, 0x0000000782b00000, 0x0000000782b00000|100%| O|  |TAMS 0x0000000782a00000| PB 0x0000000782a00000| Untracked |  0
|  43|0x0000000782b00000, 0x0000000782c00000, 0x0000000782c00000|100%| O|  |TAMS 0x0000000782b00000| PB 0x0000000782b00000| Untracked |  0
|  44|0x0000000782c00000, 0x0000000782d00000, 0x0000000782d00000|100%| O|  |TAMS 0x0000000782c00000| PB 0x0000000782c00000| Untracked |  0
|  45|0x0000000782d00000, 0x0000000782e00000, 0x0000000782e00000|100%| O|  |TAMS 0x0000000782d00000| PB 0x0000000782d00000| Untracked |  0
|  46|0x0000000782e00000, 0x0000000782f00000, 0x0000000782f00000|100%| O|  |TAMS 0x0000000782e00000| PB 0x0000000782e00000| Untracked |  0
|  47|0x0000000782f00000, 0x0000000783000000, 0x0000000783000000|100%| O|  |TAMS 0x0000000782f00000| PB 0x0000000782f00000| Untracked |  0
|  48|0x0000000783000000, 0x0000000783100000, 0x0000000783100000|100%| O|  |TAMS 0x0000000783000000| PB 0x0000000783000000| Untracked |  0
|  49|0x0000000783100000, 0x0000000783200000, 0x0000000783200000|100%| O|  |TAMS 0x0000000783100000| PB 0x0000000783100000| Untracked |  0
|  50|0x0000000783200000, 0x0000000783300000, 0x0000000783300000|100%| O|  |TAMS 0x0000000783200000| PB 0x0000000783200000| Untracked |  0
|  51|0x0000000783300000, 0x0000000783400000, 0x0000000783400000|100%| O|  |TAMS 0x0000000783300000| PB 0x0000000783300000| Untracked |  0
|  52|0x0000000783400000, 0x0000000783500000, 0x0000000783500000|100%| O|  |TAMS 0x0000000783400000| PB 0x0000000783400000| Untracked |  0
|  53|0x0000000783500000, 0x0000000783600000, 0x0000000783600000|100%| O|  |TAMS 0x0000000783500000| PB 0x0000000783500000| Untracked |  0
|  54|0x0000000783600000, 0x0000000783700000, 0x0000000783700000|100%| O|  |TAMS 0x0000000783600000| PB 0x0000000783600000| Untracked |  0
|  55|0x0000000783700000, 0x0000000783800000, 0x0000000783800000|100%| O|  |TAMS 0x0000000783700000| PB 0x0000000783700000| Untracked |  0
|  56|0x0000000783800000, 0x0000000783900000, 0x0000000783900000|100%| O|  |TAMS 0x0000000783800000| PB 0x0000000783800000| Untracked |  0
|  57|0x0000000783900000, 0x0000000783a00000, 0x0000000783a00000|100%| O|  |TAMS 0x0000000783900000| PB 0x0000000783900000| Untracked |  0
|  58|0x0000000783a00000, 0x0000000783b00000, 0x0000000783b00000|100%|HS|  |TAMS 0x0000000783a00000| PB 0x0000000783a00000| Complete |  0
|  59|0x0000000783b00000, 0x0000000783c00000, 0x0000000783c00000|100%| O|  |TAMS 0x0000000783b00000| PB 0x0000000783b00000| Untracked |  0
|  60|0x0000000783c00000, 0x0000000783d00000, 0x0000000783d00000|100%|HS|  |TAMS 0x0000000783c00000| PB 0x0000000783c00000| Complete |  0
|  61|0x0000000783d00000, 0x0000000783e00000, 0x0000000783e00000|100%|HS|  |TAMS 0x0000000783d00000| PB 0x0000000783d00000| Complete |  0
|  62|0x0000000783e00000, 0x0000000783f00000, 0x0000000783f00000|100%| O|  |TAMS 0x0000000783e00000| PB 0x0000000783e00000| Untracked |  0
|  63|0x0000000783f00000, 0x0000000784000000, 0x0000000784000000|100%| O|  |TAMS 0x0000000783f00000| PB 0x0000000783f00000| Untracked |  0
|  64|0x0000000784000000, 0x0000000784100000, 0x0000000784100000|100%| O|  |TAMS 0x0000000784000000| PB 0x0000000784000000| Untracked |  0
|  65|0x0000000784100000, 0x0000000784200000, 0x0000000784200000|100%| O|  |TAMS 0x0000000784100000| PB 0x0000000784100000| Untracked |  0
|  66|0x0000000784200000, 0x0000000784300000, 0x0000000784300000|100%| O|  |TAMS 0x0000000784200000| PB 0x0000000784200000| Untracked |  0
|  67|0x0000000784300000, 0x0000000784400000, 0x0000000784400000|100%| O|  |TAMS 0x0000000784300000| PB 0x0000000784300000| Untracked |  0
|  68|0x0000000784400000, 0x0000000784500000, 0x0000000784500000|100%| O|  |TAMS 0x0000000784400000| PB 0x0000000784400000| Untracked |  0
|  69|0x0000000784500000, 0x0000000784600000, 0x0000000784600000|100%| O|  |TAMS 0x0000000784500000| PB 0x0000000784500000| Untracked |  0
|  70|0x0000000784600000, 0x0000000784700000, 0x0000000784700000|100%|HS|  |TAMS 0x0000000784600000| PB 0x0000000784600000| Complete |  0
|  71|0x0000000784700000, 0x0000000784800000, 0x0000000784800000|100%| O|  |TAMS 0x0000000784700000| PB 0x0000000784700000| Untracked |  0
|  72|0x0000000784800000, 0x0000000784900000, 0x0000000784900000|100%| O|Cm|TAMS 0x0000000784800000| PB 0x0000000784800000| Complete |  0
|  73|0x0000000784900000, 0x0000000784a00000, 0x0000000784a00000|100%|HS|  |TAMS 0x0000000784900000| PB 0x0000000784900000| Complete |  0
|  74|0x0000000784a00000, 0x0000000784b00000, 0x0000000784b00000|100%| O|Cm|TAMS 0x0000000784a00000| PB 0x0000000784a00000| Complete |  0
|  75|0x0000000784b00000, 0x0000000784b2a140, 0x0000000784c00000| 16%| O|  |TAMS 0x0000000784b00000| PB 0x0000000784b00000| Untracked |  0
|  76|0x0000000784c00000, 0x0000000784d00000, 0x0000000784d00000|100%|HS|  |TAMS 0x0000000784c00000| PB 0x0000000784c00000| Complete |  0
|  77|0x0000000784d00000, 0x0000000784e00000, 0x0000000784e00000|100%|HS|  |TAMS 0x0000000784d00000| PB 0x0000000784d00000| Complete |  0
|  78|0x0000000784e00000, 0x0000000784f00000, 0x0000000784f00000|100%| O|  |TAMS 0x0000000784e00000| PB 0x0000000784e00000| Untracked |  0
|  79|0x0000000784f00000, 0x0000000785000000, 0x0000000785000000|100%|HS|  |TAMS 0x0000000784f00000| PB 0x0000000784f00000| Complete |  0
|  80|0x0000000785000000, 0x0000000785100000, 0x0000000785100000|100%|HS|  |TAMS 0x0000000785000000| PB 0x0000000785000000| Complete |  0
|  81|0x0000000785100000, 0x0000000785200000, 0x0000000785200000|100%|HS|  |TAMS 0x0000000785100000| PB 0x0000000785100000| Complete |  0
|  82|0x0000000785200000, 0x0000000785300000, 0x0000000785300000|100%| O|  |TAMS 0x0000000785200000| PB 0x0000000785200000| Untracked |  0
|  83|0x0000000785300000, 0x0000000785400000, 0x0000000785400000|100%|HS|  |TAMS 0x0000000785300000| PB 0x0000000785300000| Complete |  0
|  84|0x0000000785400000, 0x0000000785500000, 0x0000000785500000|100%|HS|  |TAMS 0x0000000785400000| PB 0x0000000785400000| Complete |  0
|  85|0x0000000785500000, 0x0000000785600000, 0x0000000785600000|100%|HS|  |TAMS 0x0000000785500000| PB 0x0000000785500000| Complete |  0
|  86|0x0000000785600000, 0x0000000785700000, 0x0000000785700000|100%|HS|  |TAMS 0x0000000785600000| PB 0x0000000785600000| Complete |  0
|  87|0x0000000785700000, 0x0000000785800000, 0x0000000785800000|100%|HS|  |TAMS 0x0000000785700000| PB 0x0000000785700000| Complete |  0
|  88|0x0000000785800000, 0x0000000785900000, 0x0000000785900000|100%|HS|  |TAMS 0x0000000785800000| PB 0x0000000785800000| Complete |  0
|  89|0x0000000785900000, 0x0000000785a00000, 0x0000000785a00000|100%|HS|  |TAMS 0x0000000785900000| PB 0x0000000785900000| Complete |  0
|  90|0x0000000785a00000, 0x0000000785b00000, 0x0000000785b00000|100%|HS|  |TAMS 0x0000000785a00000| PB 0x0000000785a00000| Complete |  0
|  91|0x0000000785b00000, 0x0000000785c00000, 0x0000000785c00000|100%|HS|  |TAMS 0x0000000785b00000| PB 0x0000000785b00000| Complete |  0
|  92|0x0000000785c00000, 0x0000000785c00000, 0x0000000785d00000|  0%| F|  |TAMS 0x0000000785c00000| PB 0x0000000785c00000| Untracked |  0
|  93|0x0000000785d00000, 0x0000000785d00000, 0x0000000785e00000|  0%| F|  |TAMS 0x0000000785d00000| PB 0x0000000785d00000| Untracked |  0
|  94|0x0000000785e00000, 0x0000000785e00000, 0x0000000785f00000|  0%| F|  |TAMS 0x0000000785e00000| PB 0x0000000785e00000| Untracked |  0
|  95|0x0000000785f00000, 0x0000000785f00000, 0x0000000786000000|  0%| F|  |TAMS 0x0000000785f00000| PB 0x0000000785f00000| Untracked |  0
|  96|0x0000000786000000, 0x0000000786000000, 0x0000000786100000|  0%| F|  |TAMS 0x0000000786000000| PB 0x0000000786000000| Untracked |  0
|  97|0x0000000786100000, 0x0000000786200000, 0x0000000786200000|100%| O|  |TAMS 0x0000000786100000| PB 0x0000000786100000| Untracked |  0
|  98|0x0000000786200000, 0x0000000786300000, 0x0000000786300000|100%| O|  |TAMS 0x0000000786200000| PB 0x0000000786200000| Untracked |  0
|  99|0x0000000786300000, 0x0000000786300000, 0x0000000786400000|  0%| F|  |TAMS 0x0000000786300000| PB 0x0000000786300000| Untracked |  0
| 100|0x0000000786400000, 0x0000000786500000, 0x0000000786500000|100%| O|Cm|TAMS 0x0000000786400000| PB 0x0000000786400000| Complete |  0
| 101|0x0000000786500000, 0x0000000786500000, 0x0000000786600000|  0%| F|  |TAMS 0x0000000786500000| PB 0x0000000786500000| Untracked |  0
| 102|0x0000000786600000, 0x0000000786600000, 0x0000000786700000|  0%| F|  |TAMS 0x0000000786600000| PB 0x0000000786600000| Untracked |  0
| 103|0x0000000786700000, 0x0000000786800000, 0x0000000786800000|100%| O|  |TAMS 0x0000000786700000| PB 0x0000000786700000| Untracked |  0
| 104|0x0000000786800000, 0x0000000786900000, 0x0000000786900000|100%| O|  |TAMS 0x0000000786800000| PB 0x0000000786800000| Untracked |  0
| 105|0x0000000786900000, 0x0000000786a00000, 0x0000000786a00000|100%| O|  |TAMS 0x0000000786900000| PB 0x0000000786900000| Untracked |  0
| 106|0x0000000786a00000, 0x0000000786a00000, 0x0000000786b00000|  0%| F|  |TAMS 0x0000000786a00000| PB 0x0000000786a00000| Untracked |  0
| 107|0x0000000786b00000, 0x0000000786b00000, 0x0000000786c00000|  0%| F|  |TAMS 0x0000000786b00000| PB 0x0000000786b00000| Untracked |  0
| 108|0x0000000786c00000, 0x0000000786c00000, 0x0000000786d00000|  0%| F|  |TAMS 0x0000000786c00000| PB 0x0000000786c00000| Untracked |  0
| 109|0x0000000786d00000, 0x0000000786d00000, 0x0000000786e00000|  0%| F|  |TAMS 0x0000000786d00000| PB 0x0000000786d00000| Untracked |  0
| 110|0x0000000786e00000, 0x0000000786f00000, 0x0000000786f00000|100%| O|Cm|TAMS 0x0000000786e00000| PB 0x0000000786e00000| Complete |  0
| 111|0x0000000786f00000, 0x0000000786f00000, 0x0000000787000000|  0%| F|  |TAMS 0x0000000786f00000| PB 0x0000000786f00000| Untracked |  0
| 112|0x0000000787000000, 0x0000000787100000, 0x0000000787100000|100%| O|Cm|TAMS 0x0000000787000000| PB 0x0000000787000000| Complete |  0
| 113|0x0000000787100000, 0x0000000787200000, 0x0000000787200000|100%| O|Cm|TAMS 0x0000000787100000| PB 0x0000000787100000| Complete |  0
| 114|0x0000000787200000, 0x0000000787200000, 0x0000000787300000|  0%| F|  |TAMS 0x0000000787200000| PB 0x0000000787200000| Untracked |  0
| 115|0x0000000787300000, 0x0000000787300000, 0x0000000787400000|  0%| F|  |TAMS 0x0000000787300000| PB 0x0000000787300000| Untracked |  0
| 116|0x0000000787400000, 0x0000000787500000, 0x0000000787500000|100%| O|Cm|TAMS 0x0000000787400000| PB 0x0000000787400000| Complete |  0
| 117|0x0000000787500000, 0x0000000787500000, 0x0000000787600000|  0%| F|  |TAMS 0x0000000787500000| PB 0x0000000787500000| Untracked |  0
| 118|0x0000000787600000, 0x0000000787700000, 0x0000000787700000|100%| O|Cm|TAMS 0x0000000787600000| PB 0x0000000787600000| Complete |  0
| 119|0x0000000787700000, 0x0000000787800000, 0x0000000787800000|100%| O|Cm|TAMS 0x0000000787700000| PB 0x0000000787700000| Complete |  0
| 120|0x0000000787800000, 0x0000000787900000, 0x0000000787900000|100%| O|Cm|TAMS 0x0000000787800000| PB 0x0000000787800000| Complete |  0
| 121|0x0000000787900000, 0x0000000787a00000, 0x0000000787a00000|100%| O|Cm|TAMS 0x0000000787900000| PB 0x0000000787900000| Complete |  0
| 122|0x0000000787a00000, 0x0000000787b00000, 0x0000000787b00000|100%| O|Cm|TAMS 0x0000000787a00000| PB 0x0000000787a00000| Complete |  0
| 123|0x0000000787b00000, 0x0000000787c00000, 0x0000000787c00000|100%| O|Cm|TAMS 0x0000000787b00000| PB 0x0000000787b00000| Complete |  0
| 124|0x0000000787c00000, 0x0000000787d00000, 0x0000000787d00000|100%| O|Cm|TAMS 0x0000000787c00000| PB 0x0000000787c00000| Complete |  0
| 125|0x0000000787d00000, 0x0000000787e00000, 0x0000000787e00000|100%| O|  |TAMS 0x0000000787d00000| PB 0x0000000787d00000| Untracked |  0
| 126|0x0000000787e00000, 0x0000000787f00000, 0x0000000787f00000|100%| O|  |TAMS 0x0000000787e00000| PB 0x0000000787e00000| Untracked |  0
| 127|0x0000000787f00000, 0x0000000788000000, 0x0000000788000000|100%| O|  |TAMS 0x0000000787f00000| PB 0x0000000787f00000| Untracked |  0
| 128|0x0000000788000000, 0x0000000788100000, 0x0000000788100000|100%| O|  |TAMS 0x0000000788000000| PB 0x0000000788000000| Untracked |  0
| 129|0x0000000788100000, 0x0000000788100000, 0x0000000788200000|  0%| F|  |TAMS 0x0000000788100000| PB 0x0000000788100000| Untracked |  0
| 130|0x0000000788200000, 0x0000000788200000, 0x0000000788300000|  0%| F|  |TAMS 0x0000000788200000| PB 0x0000000788200000| Untracked |  0
| 131|0x0000000788300000, 0x0000000788300000, 0x0000000788400000|  0%| F|  |TAMS 0x0000000788300000| PB 0x0000000788300000| Untracked |  0
| 132|0x0000000788400000, 0x0000000788400000, 0x0000000788500000|  0%| F|  |TAMS 0x0000000788400000| PB 0x0000000788400000| Untracked |  0
| 133|0x0000000788500000, 0x0000000788500000, 0x0000000788600000|  0%| F|  |TAMS 0x0000000788500000| PB 0x0000000788500000| Untracked |  0
| 134|0x0000000788600000, 0x0000000788600000, 0x0000000788700000|  0%| F|  |TAMS 0x0000000788600000| PB 0x0000000788600000| Untracked |  0
| 135|0x0000000788700000, 0x0000000788700000, 0x0000000788800000|  0%| F|  |TAMS 0x0000000788700000| PB 0x0000000788700000| Untracked |  0
| 136|0x0000000788800000, 0x0000000788800000, 0x0000000788900000|  0%| F|  |TAMS 0x0000000788800000| PB 0x0000000788800000| Untracked |  0
| 137|0x0000000788900000, 0x0000000788900000, 0x0000000788a00000|  0%| F|  |TAMS 0x0000000788900000| PB 0x0000000788900000| Untracked |  0
| 138|0x0000000788a00000, 0x0000000788a00000, 0x0000000788b00000|  0%| F|  |TAMS 0x0000000788a00000| PB 0x0000000788a00000| Untracked |  0
| 139|0x0000000788b00000, 0x0000000788b00000, 0x0000000788c00000|  0%| F|  |TAMS 0x0000000788b00000| PB 0x0000000788b00000| Untracked |  0
| 140|0x0000000788c00000, 0x0000000788c00000, 0x0000000788d00000|  0%| F|  |TAMS 0x0000000788c00000| PB 0x0000000788c00000| Untracked |  0
| 141|0x0000000788d00000, 0x0000000788d00000, 0x0000000788e00000|  0%| F|  |TAMS 0x0000000788d00000| PB 0x0000000788d00000| Untracked |  0
| 142|0x0000000788e00000, 0x0000000788e00000, 0x0000000788f00000|  0%| F|  |TAMS 0x0000000788e00000| PB 0x0000000788e00000| Untracked |  0
| 143|0x0000000788f00000, 0x0000000788f00000, 0x0000000789000000|  0%| F|  |TAMS 0x0000000788f00000| PB 0x0000000788f00000| Untracked |  0
| 144|0x0000000789000000, 0x0000000789000000, 0x0000000789100000|  0%| F|  |TAMS 0x0000000789000000| PB 0x0000000789000000| Untracked |  0
| 145|0x0000000789100000, 0x0000000789100000, 0x0000000789200000|  0%| F|  |TAMS 0x0000000789100000| PB 0x0000000789100000| Untracked |  0
| 146|0x0000000789200000, 0x0000000789200000, 0x0000000789300000|  0%| F|  |TAMS 0x0000000789200000| PB 0x0000000789200000| Untracked |  0
| 147|0x0000000789300000, 0x0000000789300000, 0x0000000789400000|  0%| F|  |TAMS 0x0000000789300000| PB 0x0000000789300000| Untracked |  0
| 148|0x0000000789400000, 0x000000078948b100, 0x0000000789500000| 54%| S|CS|TAMS 0x0000000789400000| PB 0x0000000789400000| Complete |  0
| 149|0x0000000789500000, 0x0000000789600000, 0x0000000789600000|100%| S|CS|TAMS 0x0000000789500000| PB 0x0000000789500000| Complete |  0
| 150|0x0000000789600000, 0x0000000789700000, 0x0000000789700000|100%| S|CS|TAMS 0x0000000789600000| PB 0x0000000789600000| Complete |  0
| 151|0x0000000789700000, 0x0000000789700000, 0x0000000789800000|  0%| F|  |TAMS 0x0000000789700000| PB 0x0000000789700000| Untracked |  0
| 152|0x0000000789800000, 0x0000000789800000, 0x0000000789900000|  0%| F|  |TAMS 0x0000000789800000| PB 0x0000000789800000| Untracked |  0
| 153|0x0000000789900000, 0x0000000789900000, 0x0000000789a00000|  0%| F|  |TAMS 0x0000000789900000| PB 0x0000000789900000| Untracked |  0
| 154|0x0000000789a00000, 0x0000000789b00000, 0x0000000789b00000|100%| S|CS|TAMS 0x0000000789a00000| PB 0x0000000789a00000| Complete |  0
| 155|0x0000000789b00000, 0x0000000789c00000, 0x0000000789c00000|100%| S|CS|TAMS 0x0000000789b00000| PB 0x0000000789b00000| Complete |  0
| 156|0x0000000789c00000, 0x0000000789d00000, 0x0000000789d00000|100%| S|CS|TAMS 0x0000000789c00000| PB 0x0000000789c00000| Complete |  0
| 157|0x0000000789d00000, 0x0000000789e00000, 0x0000000789e00000|100%| S|CS|TAMS 0x0000000789d00000| PB 0x0000000789d00000| Complete |  0
| 158|0x0000000789e00000, 0x0000000789e00000, 0x0000000789f00000|  0%| F|  |TAMS 0x0000000789e00000| PB 0x0000000789e00000| Untracked |  0
| 159|0x0000000789f00000, 0x0000000789f00000, 0x000000078a000000|  0%| F|  |TAMS 0x0000000789f00000| PB 0x0000000789f00000| Untracked |  0
| 160|0x000000078a000000, 0x000000078a000000, 0x000000078a100000|  0%| F|  |TAMS 0x000000078a000000| PB 0x000000078a000000| Untracked |  0
| 161|0x000000078a100000, 0x000000078a100000, 0x000000078a200000|  0%| F|  |TAMS 0x000000078a100000| PB 0x000000078a100000| Untracked |  0
| 162|0x000000078a200000, 0x000000078a200000, 0x000000078a300000|  0%| F|  |TAMS 0x000000078a200000| PB 0x000000078a200000| Untracked |  0
| 163|0x000000078a300000, 0x000000078a300000, 0x000000078a400000|  0%| F|  |TAMS 0x000000078a300000| PB 0x000000078a300000| Untracked |  0
| 164|0x000000078a400000, 0x000000078a400000, 0x000000078a500000|  0%| F|  |TAMS 0x000000078a400000| PB 0x000000078a400000| Untracked |  0
| 165|0x000000078a500000, 0x000000078a500000, 0x000000078a600000|  0%| F|  |TAMS 0x000000078a500000| PB 0x000000078a500000| Untracked |  0
| 166|0x000000078a600000, 0x000000078a600000, 0x000000078a700000|  0%| F|  |TAMS 0x000000078a600000| PB 0x000000078a600000| Untracked |  0
| 167|0x000000078a700000, 0x000000078a700000, 0x000000078a800000|  0%| F|  |TAMS 0x000000078a700000| PB 0x000000078a700000| Untracked |  0
| 168|0x000000078a800000, 0x000000078a800000, 0x000000078a900000|  0%| F|  |TAMS 0x000000078a800000| PB 0x000000078a800000| Untracked |  0
| 169|0x000000078a900000, 0x000000078a900000, 0x000000078aa00000|  0%| F|  |TAMS 0x000000078a900000| PB 0x000000078a900000| Untracked |  0
| 170|0x000000078aa00000, 0x000000078aa00000, 0x000000078ab00000|  0%| F|  |TAMS 0x000000078aa00000| PB 0x000000078aa00000| Untracked |  0
| 171|0x000000078ab00000, 0x000000078ab00000, 0x000000078ac00000|  0%| F|  |TAMS 0x000000078ab00000| PB 0x000000078ab00000| Untracked |  0
| 172|0x000000078ac00000, 0x000000078ac00000, 0x000000078ad00000|  0%| F|  |TAMS 0x000000078ac00000| PB 0x000000078ac00000| Untracked |  0
| 173|0x000000078ad00000, 0x000000078ad00000, 0x000000078ae00000|  0%| F|  |TAMS 0x000000078ad00000| PB 0x000000078ad00000| Untracked |  0
| 174|0x000000078ae00000, 0x000000078ae00000, 0x000000078af00000|  0%| F|  |TAMS 0x000000078ae00000| PB 0x000000078ae00000| Untracked |  0
| 175|0x000000078af00000, 0x000000078af00000, 0x000000078b000000|  0%| F|  |TAMS 0x000000078af00000| PB 0x000000078af00000| Untracked |  0
| 176|0x000000078b000000, 0x000000078b000000, 0x000000078b100000|  0%| F|  |TAMS 0x000000078b000000| PB 0x000000078b000000| Untracked |  0
| 177|0x000000078b100000, 0x000000078b100000, 0x000000078b200000|  0%| F|  |TAMS 0x000000078b100000| PB 0x000000078b100000| Untracked |  0
| 178|0x000000078b200000, 0x000000078b200000, 0x000000078b300000|  0%| F|  |TAMS 0x000000078b200000| PB 0x000000078b200000| Untracked |  0
| 179|0x000000078b300000, 0x000000078b300000, 0x000000078b400000|  0%| F|  |TAMS 0x000000078b300000| PB 0x000000078b300000| Untracked |  0
| 180|0x000000078b400000, 0x000000078b400000, 0x000000078b500000|  0%| F|  |TAMS 0x000000078b400000| PB 0x000000078b400000| Untracked |  0
| 181|0x000000078b500000, 0x000000078b500000, 0x000000078b600000|  0%| F|  |TAMS 0x000000078b500000| PB 0x000000078b500000| Untracked |  0
| 182|0x000000078b600000, 0x000000078b600000, 0x000000078b700000|  0%| F|  |TAMS 0x000000078b600000| PB 0x000000078b600000| Untracked |  0
| 183|0x000000078b700000, 0x000000078b700000, 0x000000078b800000|  0%| F|  |TAMS 0x000000078b700000| PB 0x000000078b700000| Untracked |  0
| 184|0x000000078b800000, 0x000000078b800000, 0x000000078b900000|  0%| F|  |TAMS 0x000000078b800000| PB 0x000000078b800000| Untracked |  0
| 185|0x000000078b900000, 0x000000078b900000, 0x000000078ba00000|  0%| F|  |TAMS 0x000000078b900000| PB 0x000000078b900000| Untracked |  0
| 186|0x000000078ba00000, 0x000000078ba00000, 0x000000078bb00000|  0%| F|  |TAMS 0x000000078ba00000| PB 0x000000078ba00000| Untracked |  0
| 187|0x000000078bb00000, 0x000000078bb00000, 0x000000078bc00000|  0%| F|  |TAMS 0x000000078bb00000| PB 0x000000078bb00000| Untracked |  0
| 188|0x000000078bc00000, 0x000000078bc00000, 0x000000078bd00000|  0%| F|  |TAMS 0x000000078bc00000| PB 0x000000078bc00000| Untracked |  0
| 189|0x000000078bd00000, 0x000000078bd00000, 0x000000078be00000|  0%| F|  |TAMS 0x000000078bd00000| PB 0x000000078bd00000| Untracked |  0
| 190|0x000000078be00000, 0x000000078be00000, 0x000000078bf00000|  0%| F|  |TAMS 0x000000078be00000| PB 0x000000078be00000| Untracked |  0
| 191|0x000000078bf00000, 0x000000078bf00000, 0x000000078c000000|  0%| F|  |TAMS 0x000000078bf00000| PB 0x000000078bf00000| Untracked |  0
| 192|0x000000078c000000, 0x000000078c000000, 0x000000078c100000|  0%| F|  |TAMS 0x000000078c000000| PB 0x000000078c000000| Untracked |  0
| 193|0x000000078c100000, 0x000000078c100000, 0x000000078c200000|  0%| F|  |TAMS 0x000000078c100000| PB 0x000000078c100000| Untracked |  0
| 194|0x000000078c200000, 0x000000078c200000, 0x000000078c300000|  0%| F|  |TAMS 0x000000078c200000| PB 0x000000078c200000| Untracked |  0
| 195|0x000000078c300000, 0x000000078c300000, 0x000000078c400000|  0%| F|  |TAMS 0x000000078c300000| PB 0x000000078c300000| Untracked |  0
| 196|0x000000078c400000, 0x000000078c400000, 0x000000078c500000|  0%| F|  |TAMS 0x000000078c400000| PB 0x000000078c400000| Untracked |  0
| 197|0x000000078c500000, 0x000000078c500000, 0x000000078c600000|  0%| F|  |TAMS 0x000000078c500000| PB 0x000000078c500000| Untracked |  0
| 198|0x000000078c600000, 0x000000078c600000, 0x000000078c700000|  0%| F|  |TAMS 0x000000078c600000| PB 0x000000078c600000| Untracked |  0
| 199|0x000000078c700000, 0x000000078c700000, 0x000000078c800000|  0%| F|  |TAMS 0x000000078c700000| PB 0x000000078c700000| Untracked |  0
| 200|0x000000078c800000, 0x000000078c800000, 0x000000078c900000|  0%| F|  |TAMS 0x000000078c800000| PB 0x000000078c800000| Untracked |  0
| 201|0x000000078c900000, 0x000000078c900000, 0x000000078ca00000|  0%| F|  |TAMS 0x000000078c900000| PB 0x000000078c900000| Untracked |  0
| 202|0x000000078ca00000, 0x000000078ca00000, 0x000000078cb00000|  0%| F|  |TAMS 0x000000078ca00000| PB 0x000000078ca00000| Untracked |  0
| 203|0x000000078cb00000, 0x000000078cb00000, 0x000000078cc00000|  0%| F|  |TAMS 0x000000078cb00000| PB 0x000000078cb00000| Untracked |  0
| 204|0x000000078cc00000, 0x000000078cc00000, 0x000000078cd00000|  0%| F|  |TAMS 0x000000078cc00000| PB 0x000000078cc00000| Untracked |  0
| 205|0x000000078cd00000, 0x000000078cd00000, 0x000000078ce00000|  0%| F|  |TAMS 0x000000078cd00000| PB 0x000000078cd00000| Untracked |  0
| 206|0x000000078ce00000, 0x000000078ceff3b0, 0x000000078cf00000| 99%| E|  |TAMS 0x000000078ce00000| PB 0x000000078ce00000| Complete |  0
| 207|0x000000078cf00000, 0x000000078d000000, 0x000000078d000000|100%| E|CS|TAMS 0x000000078cf00000| PB 0x000000078cf00000| Complete |  0
| 208|0x000000078d000000, 0x000000078d100000, 0x000000078d100000|100%| E|CS|TAMS 0x000000078d000000| PB 0x000000078d000000| Complete |  0
| 209|0x000000078d100000, 0x000000078d200000, 0x000000078d200000|100%| E|CS|TAMS 0x000000078d100000| PB 0x000000078d100000| Complete |  0
| 210|0x000000078d200000, 0x000000078d300000, 0x000000078d300000|100%| E|CS|TAMS 0x000000078d200000| PB 0x000000078d200000| Complete |  0
| 211|0x000000078d300000, 0x000000078d400000, 0x000000078d400000|100%| E|CS|TAMS 0x000000078d300000| PB 0x000000078d300000| Complete |  0
| 212|0x000000078d400000, 0x000000078d500000, 0x000000078d500000|100%| E|CS|TAMS 0x000000078d400000| PB 0x000000078d400000| Complete |  0
| 213|0x000000078d500000, 0x000000078d600000, 0x000000078d600000|100%| E|CS|TAMS 0x000000078d500000| PB 0x000000078d500000| Complete |  0
| 214|0x000000078d600000, 0x000000078d700000, 0x000000078d700000|100%| E|CS|TAMS 0x000000078d600000| PB 0x000000078d600000| Complete |  0
| 215|0x000000078d700000, 0x000000078d800000, 0x000000078d800000|100%| E|CS|TAMS 0x000000078d700000| PB 0x000000078d700000| Complete |  0
| 216|0x000000078d800000, 0x000000078d900000, 0x000000078d900000|100%| E|CS|TAMS 0x000000078d800000| PB 0x000000078d800000| Complete |  0
| 217|0x000000078d900000, 0x000000078da00000, 0x000000078da00000|100%| E|CS|TAMS 0x000000078d900000| PB 0x000000078d900000| Complete |  0
| 218|0x000000078da00000, 0x000000078db00000, 0x000000078db00000|100%| E|CS|TAMS 0x000000078da00000| PB 0x000000078da00000| Complete |  0
| 219|0x000000078db00000, 0x000000078dc00000, 0x000000078dc00000|100%| E|CS|TAMS 0x000000078db00000| PB 0x000000078db00000| Complete |  0
| 220|0x000000078dc00000, 0x000000078dd00000, 0x000000078dd00000|100%| E|CS|TAMS 0x000000078dc00000| PB 0x000000078dc00000| Complete |  0
| 221|0x000000078dd00000, 0x000000078de00000, 0x000000078de00000|100%| E|CS|TAMS 0x000000078dd00000| PB 0x000000078dd00000| Complete |  0
| 222|0x000000078de00000, 0x000000078df00000, 0x000000078df00000|100%| E|CS|TAMS 0x000000078de00000| PB 0x000000078de00000| Complete |  0
| 223|0x000000078df00000, 0x000000078e000000, 0x000000078e000000|100%| E|CS|TAMS 0x000000078df00000| PB 0x000000078df00000| Complete |  0
| 224|0x000000078e000000, 0x000000078e100000, 0x000000078e100000|100%| E|CS|TAMS 0x000000078e000000| PB 0x000000078e000000| Complete |  0
| 225|0x000000078e100000, 0x000000078e200000, 0x000000078e200000|100%| E|CS|TAMS 0x000000078e100000| PB 0x000000078e100000| Complete |  0
| 226|0x000000078e200000, 0x000000078e300000, 0x000000078e300000|100%| E|CS|TAMS 0x000000078e200000| PB 0x000000078e200000| Complete |  0
| 227|0x000000078e300000, 0x000000078e400000, 0x000000078e400000|100%| E|CS|TAMS 0x000000078e300000| PB 0x000000078e300000| Complete |  0
| 228|0x000000078e400000, 0x000000078e500000, 0x000000078e500000|100%| E|CS|TAMS 0x000000078e400000| PB 0x000000078e400000| Complete |  0
| 229|0x000000078e500000, 0x000000078e600000, 0x000000078e600000|100%| E|CS|TAMS 0x000000078e500000| PB 0x000000078e500000| Complete |  0
| 230|0x000000078e600000, 0x000000078e700000, 0x000000078e700000|100%| E|CS|TAMS 0x000000078e600000| PB 0x000000078e600000| Complete |  0
| 231|0x000000078e700000, 0x000000078e800000, 0x000000078e800000|100%| E|CS|TAMS 0x000000078e700000| PB 0x000000078e700000| Complete |  0
| 232|0x000000078e800000, 0x000000078e900000, 0x000000078e900000|100%| E|  |TAMS 0x000000078e800000| PB 0x000000078e800000| Complete |  0
| 233|0x000000078e900000, 0x000000078ea00000, 0x000000078ea00000|100%| E|CS|TAMS 0x000000078e900000| PB 0x000000078e900000| Complete |  0
| 234|0x000000078ea00000, 0x000000078eb00000, 0x000000078eb00000|100%| E|CS|TAMS 0x000000078ea00000| PB 0x000000078ea00000| Complete |  0
| 235|0x000000078eb00000, 0x000000078ec00000, 0x000000078ec00000|100%| E|CS|TAMS 0x000000078eb00000| PB 0x000000078eb00000| Complete |  0
| 236|0x000000078ec00000, 0x000000078ed00000, 0x000000078ed00000|100%| E|CS|TAMS 0x000000078ec00000| PB 0x000000078ec00000| Complete |  0
| 237|0x000000078ed00000, 0x000000078ee00000, 0x000000078ee00000|100%| E|CS|TAMS 0x000000078ed00000| PB 0x000000078ed00000| Complete |  0
| 238|0x000000078ee00000, 0x000000078ef00000, 0x000000078ef00000|100%| E|CS|TAMS 0x000000078ee00000| PB 0x000000078ee00000| Complete |  0
| 239|0x000000078ef00000, 0x000000078f000000, 0x000000078f000000|100%| E|CS|TAMS 0x000000078ef00000| PB 0x000000078ef00000| Complete |  0
| 240|0x000000078f000000, 0x000000078f100000, 0x000000078f100000|100%| E|CS|TAMS 0x000000078f000000| PB 0x000000078f000000| Complete |  0
| 241|0x000000078f100000, 0x000000078f200000, 0x000000078f200000|100%| E|CS|TAMS 0x000000078f100000| PB 0x000000078f100000| Complete |  0
| 242|0x000000078f200000, 0x000000078f300000, 0x000000078f300000|100%| E|CS|TAMS 0x000000078f200000| PB 0x000000078f200000| Complete |  0
| 249|0x000000078f900000, 0x000000078fa00000, 0x000000078fa00000|100%| E|CS|TAMS 0x000000078f900000| PB 0x000000078f900000| Complete |  0
| 250|0x000000078fa00000, 0x000000078fb00000, 0x000000078fb00000|100%| E|CS|TAMS 0x000000078fa00000| PB 0x000000078fa00000| Complete |  0
| 251|0x000000078fb00000, 0x000000078fc00000, 0x000000078fc00000|100%| E|CS|TAMS 0x000000078fb00000| PB 0x000000078fb00000| Complete |  0
| 252|0x000000078fc00000, 0x000000078fd00000, 0x000000078fd00000|100%| E|CS|TAMS 0x000000078fc00000| PB 0x000000078fc00000| Complete |  0
|2020|0x00000007fe400000, 0x00000007fe500000, 0x00000007fe500000|100%| O|  |TAMS 0x00000007fe400000| PB 0x00000007fe400000| Untracked |  0
|2021|0x00000007fe500000, 0x00000007fe600000, 0x00000007fe600000|100%| E|CS|TAMS 0x00000007fe500000| PB 0x00000007fe500000| Complete |  0
|2022|0x00000007fe600000, 0x00000007fe700000, 0x00000007fe700000|100%| E|CS|TAMS 0x00000007fe600000| PB 0x00000007fe600000| Complete |  0
|2023|0x00000007fe700000, 0x00000007fe800000, 0x00000007fe800000|100%| E|CS|TAMS 0x00000007fe700000| PB 0x00000007fe700000| Complete |  0
|2024|0x00000007fe800000, 0x00000007fe900000, 0x00000007fe900000|100%| E|CS|TAMS 0x00000007fe800000| PB 0x00000007fe800000| Complete |  0
|2025|0x00000007fe900000, 0x00000007fea00000, 0x00000007fea00000|100%| E|CS|TAMS 0x00000007fe900000| PB 0x00000007fe900000| Complete |  0
|2026|0x00000007fea00000, 0x00000007feb00000, 0x00000007feb00000|100%| E|CS|TAMS 0x00000007fea00000| PB 0x00000007fea00000| Complete |  0
|2027|0x00000007feb00000, 0x00000007fec00000, 0x00000007fec00000|100%| E|CS|TAMS 0x00000007feb00000| PB 0x00000007feb00000| Complete |  0
|2028|0x00000007fec00000, 0x00000007fed00000, 0x00000007fed00000|100%| E|CS|TAMS 0x00000007fec00000| PB 0x00000007fec00000| Complete |  0
|2029|0x00000007fed00000, 0x00000007fee00000, 0x00000007fee00000|100%| E|CS|TAMS 0x00000007fed00000| PB 0x00000007fed00000| Complete |  0
|2030|0x00000007fee00000, 0x00000007fef00000, 0x00000007fef00000|100%| E|CS|TAMS 0x00000007fee00000| PB 0x00000007fee00000| Complete |  0
|2031|0x00000007fef00000, 0x00000007ff000000, 0x00000007ff000000|100%| E|CS|TAMS 0x00000007fef00000| PB 0x00000007fef00000| Complete |  0
|2032|0x00000007ff000000, 0x00000007ff100000, 0x00000007ff100000|100%| E|CS|TAMS 0x00000007ff000000| PB 0x00000007ff000000| Complete |  0
|2033|0x00000007ff100000, 0x00000007ff200000, 0x00000007ff200000|100%| E|CS|TAMS 0x00000007ff100000| PB 0x00000007ff100000| Complete |  0
|2034|0x00000007ff200000, 0x00000007ff300000, 0x00000007ff300000|100%| E|CS|TAMS 0x00000007ff200000| PB 0x00000007ff200000| Complete |  0
|2035|0x00000007ff300000, 0x00000007ff400000, 0x00000007ff400000|100%| E|CS|TAMS 0x00000007ff300000| PB 0x00000007ff300000| Complete |  0
|2036|0x00000007ff400000, 0x00000007ff500000, 0x00000007ff500000|100%| E|CS|TAMS 0x00000007ff400000| PB 0x00000007ff400000| Complete |  0
|2037|0x00000007ff500000, 0x00000007ff600000, 0x00000007ff600000|100%| O|  |TAMS 0x00000007ff500000| PB 0x00000007ff500000| Untracked |  0
|2038|0x00000007ff600000, 0x00000007ff700000, 0x00000007ff700000|100%| O|  |TAMS 0x00000007ff600000| PB 0x00000007ff600000| Untracked |  0
|2039|0x00000007ff700000, 0x00000007ff800000, 0x00000007ff800000|100%| O|  |TAMS 0x00000007ff700000| PB 0x00000007ff700000| Untracked |  0
|2040|0x00000007ff800000, 0x00000007ff900000, 0x00000007ff900000|100%| O|  |TAMS 0x00000007ff800000| PB 0x00000007ff800000| Untracked |  0
|2041|0x00000007ff900000, 0x00000007ffa00000, 0x00000007ffa00000|100%| E|CS|TAMS 0x00000007ff900000| PB 0x00000007ff900000| Complete |  0
|2042|0x00000007ffa00000, 0x00000007ffb00000, 0x00000007ffb00000|100%| E|CS|TAMS 0x00000007ffa00000| PB 0x00000007ffa00000| Complete |  0
|2043|0x00000007ffb00000, 0x00000007ffc00000, 0x00000007ffc00000|100%| E|CS|TAMS 0x00000007ffb00000| PB 0x00000007ffb00000| Complete |  0
|2044|0x00000007ffc00000, 0x00000007ffd00000, 0x00000007ffd00000|100%| E|CS|TAMS 0x00000007ffc00000| PB 0x00000007ffc00000| Complete |  0
|2045|0x00000007ffd00000, 0x00000007ffe00000, 0x00000007ffe00000|100%| O|  |TAMS 0x00000007ffd00000| PB 0x00000007ffd00000| Untracked |  0
|2046|0x00000007ffe00000, 0x00000007fff00000, 0x00000007fff00000|100%| O|  |TAMS 0x00000007ffe00000| PB 0x00000007ffe00000| Untracked |  0
|2047|0x00000007fff00000, 0x0000000800000000, 0x0000000800000000|100%| E|CS|TAMS 0x00000007fff00000| PB 0x00000007fff00000| Complete |  0

Card table byte_map: [0x0000000105c00000,0x0000000106000000] _byte_map_base: 0x0000000102000000

Marking Bits: (CMBitMap*) 0x000000014081d810
 Bits: [0x000000011ad0c000, 0x000000011cd0c000)

Polling page: 0x0000000100f24000

Metaspace:
Metaspace        used 143569K, committed 144512K, reserved 1179648K
 class space     used 16083K, committed 16512K, reserved 1048576K

Usage:
  Non-class:    124.50 MB used.
      Class:     15.71 MB used.
       Both:    140.20 MB used.

Virtual space:
  Non-class space:      128.00 MB reserved,     125.00 MB ( 98%) committed,  2 nodes.
      Class space:        1.00 GB reserved,      16.12 MB (  2%) committed,  1 nodes.
             Both:        1.12 GB reserved,     141.12 MB ( 12%) committed. 

Chunk freelists:
   Non-Class:  2.24 MB
       Class:  15.96 MB
        Both:  18.20 MB

MaxMetaspaceSize: unlimited
CompressedClassSpaceSize: 1.00 GB
Initial GC threshold: 21.00 MB
Current GC threshold: 235.25 MB
CDS: on
 - commit_granule_bytes: 65536.
 - commit_granule_words: 8192.
 - virtual_space_node_default_size: 8388608.
 - enlarge_chunks_in_place: 1.
UseCompressedClassPointers 1, UseCompactObjectHeaders 0
Narrow klass pointer bits 32, Max shift 3
Narrow klass base: 0x000000c000000000, Narrow klass shift: 0
Encoding Range: [0x000000c000000000 - 0x000000c100000000), (4294967296 bytes)
Klass Range:    [0x000000c000004000 - 0x000000c042000000), (1107279872 bytes)
Klass ID Range:  [16384 - 1107296249) (1107279865)
Protection zone: [0x000000c000000000 - 0x000000c000004000), (16384 bytes)


Internal statistics:

num_allocs_failed_limit: 15.
num_arena_births: 1326.
num_arena_deaths: 228.
num_vsnodes_births: 3.
num_vsnodes_deaths: 0.
num_space_committed: 2258.
num_space_uncommitted: 0.
num_chunks_returned_to_freelist: 278.
num_chunks_taken_from_freelist: 6250.
num_chunk_merges: 83.
num_chunk_splits: 4652.
num_chunks_enlarged: 3792.
num_inconsistent_stats: 0.

CodeHeap 'non-profiled nmethods': size=120048Kb used=9024Kb max_used=9024Kb free=111023Kb
 bounds [0x00000001137d0000, 0x00000001140b0000, 0x000000011ad0c000]
CodeHeap 'profiled nmethods': size=120016Kb used=28247Kb max_used=28247Kb free=91768Kb
 bounds [0x000000010bd0c000, 0x000000010d8ac000, 0x0000000113240000]
CodeHeap 'non-nmethods': size=5696Kb used=1704Kb max_used=1863Kb free=3991Kb
 bounds [0x0000000113240000, 0x00000001134b0000, 0x00000001137d0000]
CodeCache: size=245760Kb, used=38975Kb, max_used=39134Kb, free=206782Kb
 total_blobs=22168, nmethods=21237, adapters=836, full_count=0
Compilation: enabled, stopped_count=0, restarted_count=0

Compilation events (20 events):
Event: 2418.714 Thread 0x0000000142018800 39671       1       sun.util.calendar.CalendarDate::setTimeOfDay (6 bytes)
Event: 2418.714 Thread 0x0000000142018800 nmethod 39671 0x000000011409f748 code [0x000000011409f840, 0x000000011409f920]
Event: 2418.714 Thread 0x0000000142018800 39690       2       java.util.TimSort::pushRun (31 bytes)
Event: 2418.714 Thread 0x0000000142018800 nmethod 39690 0x000000010d8974c8 code [0x000000010d8975c0, 0x000000010d897768]
Event: 2418.714 Thread 0x0000000142018800 39661       2       org.springframework.util.ClassUtils::getQualifiedMethodName (32 bytes)
Event: 2418.715 Thread 0x0000000142018800 nmethod 39661 0x000000010d897788 code [0x000000010d897880, 0x000000010d898040]
Event: 2418.715 Thread 0x0000000142018800 39673       2       com.vaadin.flow.dom.impl.ThemeListImpl$$Lambda/0x000000c002e0b740::apply (8 bytes)
Event: 2418.715 Thread 0x0000000142018800 nmethod 39673 0x000000010d8980c8 code [0x000000010d8981c0, 0x000000010d898370]
Event: 2418.715 Thread 0x0000000142018800 39674       2       com.vaadin.flow.dom.impl.ThemeListImpl::lambda$new$0 (7 bytes)
Event: 2418.715 Thread 0x0000000142018800 nmethod 39674 0x000000010d898388 code [0x000000010d898480, 0x000000010d8985b8]
Event: 2418.715 Thread 0x0000000142018800 39675       2       com.vaadin.flow.dom.impl.ThemeListImpl$$Lambda/0x000000c002e0b9c0::apply (11 bytes)
Event: 2418.715 Thread 0x0000000142018800 nmethod 39675 0x000000010d898608 code [0x000000010d898700, 0x000000010d8988e8]
Event: 2418.715 Thread 0x0000000142018800 39676       2       com.vaadin.flow.dom.impl.ThemeListImpl$$Lambda/0x000000c002e0bc40::apply (8 bytes)
Event: 2418.715 Thread 0x0000000142018800 nmethod 39676 0x000000010d898908 code [0x000000010d898a00, 0x000000010d898ce8]
Event: 2418.715 Thread 0x0000000142018800 39677       2       com.vaadin.flow.dom.impl.ThemeListImpl::lambda$new$2 (23 bytes)
Event: 2418.715 Thread 0x0000000142018800 nmethod 39677 0x000000010d898d08 code [0x000000010d898e00, 0x000000010d899058]
Event: 2418.715 Thread 0x0000000142018800 39680       1       com.vaadin.flow.component.textfield.TextField::getEmptyValue (3 bytes)
Event: 2418.715 Thread 0x0000000142018800 nmethod 39680 0x000000011409f948 code [0x000000011409fa40, 0x000000011409fb28]
Event: 2418.717 Thread 0x0000000142018800 39699       2       java.util.stream.SpinedBuffer::ensureCapacity (138 bytes)
Event: 2418.717 Thread 0x0000000142018800 nmethod 39699 0x000000010d899088 code [0x000000010d899180, 0x000000010d899a40]

GC Heap Usage History (20 events):
Event: 1022.187 {heap Before GC invocations=69 (full 0):
 garbage-first heap   total reserved 2097152K, committed 249856K, used 138092K [0x0000000780000000, 0x0000000800000000)
  region size 1024K, 47 young (48128K), 12 survivors (12288K)
}
Event: 1022.191 {heap After GC invocations=70 (full 0):
 garbage-first heap   total reserved 2097152K, committed 249856K, used 107457K [0x0000000780000000, 0x0000000800000000)
  region size 1024K, 11 young (11264K), 11 survivors (11264K)
}
Event: 1057.781 {heap Before GC invocations=71 (full 0):
 garbage-first heap   total reserved 2097152K, committed 249856K, used 244673K [0x0000000780000000, 0x0000000800000000)
  region size 1024K, 122 young (124928K), 11 survivors (11264K)
}
Event: 1057.797 {heap After GC invocations=72 (full 0):
 garbage-first heap   total reserved 2097152K, committed 270336K, used 120832K [0x0000000780000000, 0x0000000800000000)
  region size 1024K, 16 young (16384K), 16 survivors (16384K)
}
Event: 1076.714 {heap Before GC invocations=72 (full 0):
 garbage-first heap   total reserved 2097152K, committed 270336K, used 249856K [0x0000000780000000, 0x0000000800000000)
  region size 1024K, 125 young (128000K), 16 survivors (16384K)
}
Event: 1076.731 {heap After GC invocations=73 (full 0):
 garbage-first heap   total reserved 2097152K, committed 279552K, used 128237K [0x0000000780000000, 0x0000000800000000)
  region size 1024K, 14 young (14336K), 14 survivors (14336K)
}
Event: 1076.767 {heap Before GC invocations=73 (full 0):
 garbage-first heap   total reserved 2097152K, committed 279552K, used 153837K [0x0000000780000000, 0x0000000800000000)
  region size 1024K, 40 young (40960K), 14 survivors (14336K)
}
Event: 1076.769 {heap After GC invocations=74 (full 0):
 garbage-first heap   total reserved 2097152K, committed 279552K, used 127173K [0x0000000780000000, 0x0000000800000000)
  region size 1024K, 11 young (11264K), 11 survivors (11264K)
}
Event: 1276.504 {heap Before GC invocations=75 (full 0):
 garbage-first heap   total reserved 2097152K, committed 279552K, used 249029K [0x0000000780000000, 0x0000000800000000)
  region size 1024K, 111 young (113664K), 11 survivors (11264K)
}
Event: 1276.521 {heap After GC invocations=76 (full 0):
 garbage-first heap   total reserved 2097152K, committed 279552K, used 135724K [0x0000000780000000, 0x0000000800000000)
  region size 1024K, 14 young (14336K), 14 survivors (14336K)
}
Event: 1317.069 {heap Before GC invocations=76 (full 0):
 garbage-first heap   total reserved 2097152K, committed 279552K, used 250412K [0x0000000780000000, 0x0000000800000000)
  region size 1024K, 109 young (111616K), 14 survivors (14336K)
}
Event: 1317.086 {heap After GC invocations=77 (full 0):
 garbage-first heap   total reserved 2097152K, committed 279552K, used 133211K [0x0000000780000000, 0x0000000800000000)
  region size 1024K, 14 young (14336K), 14 survivors (14336K)
}
Event: 1324.597 {heap Before GC invocations=77 (full 0):
 garbage-first heap   total reserved 2097152K, committed 279552K, used 155739K [0x0000000780000000, 0x0000000800000000)
  region size 1024K, 37 young (37888K), 14 survivors (14336K)
}
Event: 1324.600 {heap After GC invocations=78 (full 0):
 garbage-first heap   total reserved 2097152K, committed 279552K, used 128623K [0x0000000780000000, 0x0000000800000000)
  region size 1024K, 8 young (8192K), 8 survivors (8192K)
}
Event: 2151.861 {heap Before GC invocations=79 (full 0):
 garbage-first heap   total reserved 2097152K, committed 279552K, used 233071K [0x0000000780000000, 0x0000000800000000)
  region size 1024K, 112 young (114688K), 8 survivors (8192K)
}
Event: 2151.876 {heap After GC invocations=80 (full 0):
 garbage-first heap   total reserved 2097152K, committed 279552K, used 126897K [0x0000000780000000, 0x0000000800000000)
  region size 1024K, 13 young (13312K), 13 survivors (13312K)
}
Event: 2366.631 {heap Before GC invocations=80 (full 0):
 garbage-first heap   total reserved 2097152K, committed 279552K, used 256945K [0x0000000780000000, 0x0000000800000000)
  region size 1024K, 122 young (124928K), 13 survivors (13312K)
}
Event: 2366.676 {heap After GC invocations=81 (full 0):
 garbage-first heap   total reserved 2097152K, committed 281600K, used 120419K [0x0000000780000000, 0x0000000800000000)
  region size 1024K, 13 young (13312K), 13 survivors (13312K)
}
Event: 2413.804 {heap Before GC invocations=81 (full 0):
 garbage-first heap   total reserved 2097152K, committed 281600K, used 229987K [0x0000000780000000, 0x0000000800000000)
  region size 1024K, 122 young (124928K), 13 survivors (13312K)
}
Event: 2413.819 {heap After GC invocations=82 (full 0):
 garbage-first heap   total reserved 2097152K, committed 281600K, used 118484K [0x0000000780000000, 0x0000000800000000)
  region size 1024K, 7 young (7168K), 7 survivors (7168K)
}

Metaspace Usage History (20 events):
Event: 1022.187 {metaspace Before GC invocations=69 (full 0):
 Metaspace       used 138705K, committed 139392K, reserved 1179648K
  class space    used 15811K, committed 16128K, reserved 1048576K
}
Event: 1022.191 {metaspace After GC invocations=70 (full 0):
 Metaspace       used 138705K, committed 139392K, reserved 1179648K
  class space    used 15811K, committed 16128K, reserved 1048576K
}
Event: 1057.781 {metaspace Before GC invocations=71 (full 0):
 Metaspace       used 138876K, committed 139584K, reserved 1179648K
  class space    used 15811K, committed 16128K, reserved 1048576K
}
Event: 1057.797 {metaspace After GC invocations=72 (full 0):
 Metaspace       used 138876K, committed 139584K, reserved 1179648K
  class space    used 15811K, committed 16128K, reserved 1048576K
}
Event: 1076.714 {metaspace Before GC invocations=72 (full 0):
 Metaspace       used 138995K, committed 139712K, reserved 1179648K
  class space    used 15811K, committed 16128K, reserved 1048576K
}
Event: 1076.731 {metaspace After GC invocations=73 (full 0):
 Metaspace       used 138995K, committed 139712K, reserved 1179648K
  class space    used 15811K, committed 16128K, reserved 1048576K
}
Event: 1076.767 {metaspace Before GC invocations=73 (full 0):
 Metaspace       used 138999K, committed 139712K, reserved 1179648K
  class space    used 15811K, committed 16128K, reserved 1048576K
}
Event: 1076.769 {metaspace After GC invocations=74 (full 0):
 Metaspace       used 138999K, committed 139712K, reserved 1179648K
  class space    used 15811K, committed 16128K, reserved 1048576K
}
Event: 1276.504 {metaspace Before GC invocations=75 (full 0):
 Metaspace       used 139292K, committed 140032K, reserved 1179648K
  class space    used 15824K, committed 16128K, reserved 1048576K
}
Event: 1276.521 {metaspace After GC invocations=76 (full 0):
 Metaspace       used 139292K, committed 140032K, reserved 1179648K
  class space    used 15824K, committed 16128K, reserved 1048576K
}
Event: 1317.069 {metaspace Before GC invocations=76 (full 0):
 Metaspace       used 139717K, committed 140416K, reserved 1179648K
  class space    used 15826K, committed 16128K, reserved 1048576K
}
Event: 1317.086 {metaspace After GC invocations=77 (full 0):
 Metaspace       used 139717K, committed 140416K, reserved 1179648K
  class space    used 15826K, committed 16128K, reserved 1048576K
}
Event: 1324.597 {metaspace Before GC invocations=77 (full 0):
 Metaspace       used 139718K, committed 140416K, reserved 1179648K
  class space    used 15826K, committed 16128K, reserved 1048576K
}
Event: 1324.600 {metaspace After GC invocations=78 (full 0):
 Metaspace       used 139718K, committed 140416K, reserved 1179648K
  class space    used 15826K, committed 16128K, reserved 1048576K
}
Event: 2151.861 {metaspace Before GC invocations=79 (full 0):
 Metaspace       used 141060K, committed 141824K, reserved 1179648K
  class space    used 15871K, committed 16192K, reserved 1048576K
}
Event: 2151.876 {metaspace After GC invocations=80 (full 0):
 Metaspace       used 141060K, committed 141824K, reserved 1179648K
  class space    used 15871K, committed 16192K, reserved 1048576K
}
Event: 2366.631 {metaspace Before GC invocations=80 (full 0):
 Metaspace       used 141336K, committed 142144K, reserved 1179648K
  class space    used 15901K, committed 16256K, reserved 1048576K
}
Event: 2366.676 {metaspace After GC invocations=81 (full 0):
 Metaspace       used 141336K, committed 142144K, reserved 1179648K
  class space    used 15901K, committed 16256K, reserved 1048576K
}
Event: 2413.804 {metaspace Before GC invocations=81 (full 0):
 Metaspace       used 143650K, committed 144448K, reserved 1179648K
  class space    used 16125K, committed 16512K, reserved 1048576K
}
Event: 2413.819 {metaspace After GC invocations=82 (full 0):
 Metaspace       used 143650K, committed 144448K, reserved 1179648K
  class space    used 16125K, committed 16512K, reserved 1048576K
}

Dll operation events (20 events):
Event: 51.256 Loading shared library /System/Library/Java/Extensions/libcom_vaadin_copilot_shaded_netty_resolver_dns_native_macos_aarch_64.jnilib failed, dlopen(/System/Library/Java/Extensions/libcom_vaadin_copilot_shaded_netty_resolver_dns_native_macos_aarch_64.jnilib
Event: 51.256 Loading shared library /usr/lib/java/libcom_vaadin_copilot_shaded_netty_resolver_dns_native_macos_aarch_64.dylib failed, dlopen(/usr/lib/java/libcom_vaadin_copilot_shaded_netty_resolver_dns_native_macos_aarch_64.dylib, 0x0001): tried: '/usr/lib/java/libco
Event: 51.256 Loading shared library /usr/lib/java/libcom_vaadin_copilot_shaded_netty_resolver_dns_native_macos_aarch_64.jnilib failed, dlopen(/usr/lib/java/libcom_vaadin_copilot_shaded_netty_resolver_dns_native_macos_aarch_64.jnilib, 0x0001): tried: '/usr/lib/java/lib
Event: 51.256 Loading shared library /Users/walid/Desktop/P2_Projekt GITHUB/P2-Projekt/libcom_vaadin_copilot_shaded_netty_resolver_dns_native_macos_aarch_64.dylib failed, dlopen(/Users/walid/Desktop/P2_Projekt GITHUB/P2-Projekt/libcom_vaadin_copilot_shaded_netty_resolv
Event: 51.256 Loading shared library /Users/walid/Desktop/P2_Projekt GITHUB/P2-Projekt/libcom_vaadin_copilot_shaded_netty_resolver_dns_native_macos_aarch_64.jnilib failed, dlopen(/Users/walid/Desktop/P2_Projekt GITHUB/P2-Projekt/libcom_vaadin_copilot_shaded_netty_resol
Event: 51.256 Loading shared library /Users/walid/.vaadin/jdk/jbrsdk-25-osx-aarch64-b176.4/Contents/Home/lib/libcom_vaadin_copilot_shaded_netty_resolver_dns_native_macos_aarch_64.dylib failed, dlopen(/Users/walid/.vaadin/jdk/jbrsdk-25-osx-aarch64-b176.4/Contents/Home/l
Event: 51.256 Loading shared library /Users/walid/.vaadin/jdk/jbrsdk-25-osx-aarch64-b176.4/Contents/Home/lib/libcom_vaadin_copilot_shaded_netty_resolver_dns_native_macos_aarch_64.jnilib failed, dlopen(/Users/walid/.vaadin/jdk/jbrsdk-25-osx-aarch64-b176.4/Contents/Home/
Event: 51.256 Loading shared library /Users/walid/Library/Java/Extensions/libcom_vaadin_copilot_shaded_netty_resolver_dns_native_macos_aarch_64.dylib failed, dlopen(/Users/walid/Library/Java/Extensions/libcom_vaadin_copilot_shaded_netty_resolver_dns_native_macos_aarch_
Event: 51.256 Loading shared library /Users/walid/Library/Java/Extensions/libcom_vaadin_copilot_shaded_netty_resolver_dns_native_macos_aarch_64.jnilib failed, dlopen(/Users/walid/Library/Java/Extensions/libcom_vaadin_copilot_shaded_netty_resolver_dns_native_macos_aarch
Event: 51.256 Loading shared library /Library/Java/Extensions/libcom_vaadin_copilot_shaded_netty_resolver_dns_native_macos_aarch_64.dylib failed, dlopen(/Library/Java/Extensions/libcom_vaadin_copilot_shaded_netty_resolver_dns_native_macos_aarch_64.dylib, 0x0001): tried
Event: 51.257 Loading shared library /Library/Java/Extensions/libcom_vaadin_copilot_shaded_netty_resolver_dns_native_macos_aarch_64.jnilib failed, dlopen(/Library/Java/Extensions/libcom_vaadin_copilot_shaded_netty_resolver_dns_native_macos_aarch_64.jnilib, 0x0001): tri
Event: 51.257 Loading shared library /Network/Library/Java/Extensions/libcom_vaadin_copilot_shaded_netty_resolver_dns_native_macos_aarch_64.dylib failed, dlopen(/Network/Library/Java/Extensions/libcom_vaadin_copilot_shaded_netty_resolver_dns_native_macos_aarch_64.dylib
Event: 51.257 Loading shared library /Network/Library/Java/Extensions/libcom_vaadin_copilot_shaded_netty_resolver_dns_native_macos_aarch_64.jnilib failed, dlopen(/Network/Library/Java/Extensions/libcom_vaadin_copilot_shaded_netty_resolver_dns_native_macos_aarch_64.jnil
Event: 51.257 Loading shared library /System/Library/Java/Extensions/libcom_vaadin_copilot_shaded_netty_resolver_dns_native_macos_aarch_64.dylib failed, dlopen(/System/Library/Java/Extensions/libcom_vaadin_copilot_shaded_netty_resolver_dns_native_macos_aarch_64.dylib, 
Event: 51.257 Loading shared library /System/Library/Java/Extensions/libcom_vaadin_copilot_shaded_netty_resolver_dns_native_macos_aarch_64.jnilib failed, dlopen(/System/Library/Java/Extensions/libcom_vaadin_copilot_shaded_netty_resolver_dns_native_macos_aarch_64.jnilib
Event: 51.257 Loading shared library /usr/lib/java/libcom_vaadin_copilot_shaded_netty_resolver_dns_native_macos_aarch_64.dylib failed, dlopen(/usr/lib/java/libcom_vaadin_copilot_shaded_netty_resolver_dns_native_macos_aarch_64.dylib, 0x0001): tried: '/usr/lib/java/libco
Event: 51.257 Loading shared library /usr/lib/java/libcom_vaadin_copilot_shaded_netty_resolver_dns_native_macos_aarch_64.jnilib failed, dlopen(/usr/lib/java/libcom_vaadin_copilot_shaded_netty_resolver_dns_native_macos_aarch_64.jnilib, 0x0001): tried: '/usr/lib/java/lib
Event: 51.257 Loading shared library /Users/walid/Desktop/P2_Projekt GITHUB/P2-Projekt/libcom_vaadin_copilot_shaded_netty_resolver_dns_native_macos_aarch_64.dylib failed, dlopen(/Users/walid/Desktop/P2_Projekt GITHUB/P2-Projekt/libcom_vaadin_copilot_shaded_netty_resolv
Event: 51.257 Loading shared library /Users/walid/Desktop/P2_Projekt GITHUB/P2-Projekt/libcom_vaadin_copilot_shaded_netty_resolver_dns_native_macos_aarch_64.jnilib failed, dlopen(/Users/walid/Desktop/P2_Projekt GITHUB/P2-Projekt/libcom_vaadin_copilot_shaded_netty_resol
Event: 51.443 Loaded shared library /private/var/folders/3p/624snhvj3hg2tnb2g89vjhg40000gn/T/libcom_vaadin_copilot_shaded_netty_resolver_dns_native_macos_aarch_6410574829460970982950.dylib

Deoptimization events (20 events):
Event: 2417.378 Thread 0x0000000141ea7800 DEOPT PACKING pc=0x000000010d69bad4 sp=0x000000017554bfd0
Event: 2417.378 Thread 0x0000000141ea7800 DEOPT UNPACKING pc=0x000000011327d0bc sp=0x000000017554bc90 mode 1
Event: 2417.378 Thread 0x0000000141ea7800 DEOPT PACKING pc=0x000000010d791940 sp=0x000000017554c040
Event: 2417.378 Thread 0x0000000141ea7800 DEOPT UNPACKING pc=0x000000011327d0bc sp=0x000000017554bc40 mode 1
Event: 2417.760 Thread 0x00000001422c8200 DEOPT PACKING pc=0x000000010c37977c sp=0x00000001742e2730
Event: 2417.760 Thread 0x00000001422c8200 DEOPT UNPACKING pc=0x000000011327d0bc sp=0x00000001742e23e0 mode 0
Event: 2417.760 Thread 0x00000001422c8200 DEOPT PACKING pc=0x000000010c35b58c sp=0x00000001742e27c0
Event: 2417.760 Thread 0x00000001422c8200 DEOPT UNPACKING pc=0x000000011327d0bc sp=0x00000001742e24e0 mode 0
Event: 2418.670 Thread 0x000000016807f400 DEOPT PACKING pc=0x000000010d667858 sp=0x0000000175d7b800
Event: 2418.670 Thread 0x000000016807f400 DEOPT UNPACKING pc=0x000000011327d0bc sp=0x0000000175d7b4c0 mode 1
Event: 2418.670 Thread 0x000000016807f400 DEOPT PACKING pc=0x00000001138b20e0 sp=0x0000000175d7b860
Event: 2418.670 Thread 0x000000016807f400 DEOPT UNPACKING pc=0x000000011327d0bc sp=0x0000000175d7b500 mode 1
Event: 2418.670 Thread 0x000000016807f400 DEOPT PACKING pc=0x000000010d69bad4 sp=0x0000000175d7bfd0
Event: 2418.670 Thread 0x000000016807f400 DEOPT UNPACKING pc=0x000000011327d0bc sp=0x0000000175d7bc90 mode 1
Event: 2418.670 Thread 0x000000016807f400 DEOPT PACKING pc=0x000000010d791940 sp=0x0000000175d7c040
Event: 2418.670 Thread 0x000000016807f400 DEOPT UNPACKING pc=0x000000011327d0bc sp=0x0000000175d7bc40 mode 1
Event: 2418.700 Thread 0x000000016807f400 DEOPT PACKING pc=0x000000010bda18c4 sp=0x0000000175d78160
Event: 2418.700 Thread 0x000000016807f400 DEOPT UNPACKING pc=0x000000011327d0bc sp=0x0000000175d77e30 mode 0
Event: 2418.703 Thread 0x000000016807f400 DEOPT PACKING pc=0x000000010bda18c4 sp=0x0000000175d78160
Event: 2418.703 Thread 0x000000016807f400 DEOPT UNPACKING pc=0x000000011327d0bc sp=0x0000000175d77e30 mode 0

Classes loaded (20 events):
Event: 997.387 Loading class java/time/format/Parsed
Event: 997.388 Loading class java/time/format/Parsed done
Event: 998.316 Loading class jdk/internal/util/DateTimeHelper
Event: 998.317 Loading class jdk/internal/util/DateTimeHelper done
Event: 1354.546 Loading class jdk/internal/math/FormattedFPDecimal
Event: 1354.547 Loading class jdk/internal/math/FormattedFPDecimal done
Event: 2365.240 Loading class java/util/concurrent/LinkedBlockingDeque$Node
Event: 2365.251 Loading class java/util/concurrent/LinkedBlockingDeque$Node done
Event: 2365.984 Loading class java/util/EnumMap$KeyIterator
Event: 2365.985 Loading class java/util/EnumMap$KeyIterator done
Event: 2367.199 Loading class com/sun/beans/finder/PropertyEditorFinder
Event: 2367.199 Loading class com/sun/beans/finder/PropertyEditorFinder done
Event: 2367.798 Loading class java/lang/instrument/ClassDefinition
Event: 2367.800 Loading class java/lang/instrument/ClassDefinition done
Event: 2408.072 Loading class java/util/concurrent/ConcurrentSkipListMap$SubMap
Event: 2408.080 Loading class java/util/concurrent/ConcurrentSkipListMap$SubMap done
Event: 2408.080 Loading class java/util/concurrent/ConcurrentSkipListMap$SubMap$SubMapKeyIterator
Event: 2408.081 Loading class java/util/concurrent/ConcurrentSkipListMap$SubMap$SubMapIter
Event: 2408.083 Loading class java/util/concurrent/ConcurrentSkipListMap$SubMap$SubMapIter done
Event: 2408.083 Loading class java/util/concurrent/ConcurrentSkipListMap$SubMap$SubMapKeyIterator done

Classes unloaded (20 events):
Event: 2413.859 Thread 0x0000000141818400 Unloading class 0x000000c0023b5400 'java/lang/invoke/LambdaForm$MH+0x000000c0023b5400'
Event: 2413.859 Thread 0x0000000141818400 Unloading class 0x000000c0023b5000 'java/lang/invoke/LambdaForm$BMH+0x000000c0023b5000'
Event: 2413.859 Thread 0x0000000141818400 Unloading class 0x000000c0023ac800 'java/lang/invoke/LambdaForm$MH+0x000000c0023ac800'
Event: 2413.859 Thread 0x0000000141818400 Unloading class 0x000000c0023ac400 'java/lang/invoke/LambdaForm$MH+0x000000c0023ac400'
Event: 2413.859 Thread 0x0000000141818400 Unloading class 0x000000c002390c00 'java/lang/invoke/LambdaForm$MH+0x000000c002390c00'
Event: 2413.859 Thread 0x0000000141818400 Unloading class 0x000000c002375000 'java/lang/invoke/LambdaForm$MH+0x000000c002375000'
Event: 2413.859 Thread 0x0000000141818400 Unloading class 0x000000c002374800 'java/lang/invoke/LambdaForm$MH+0x000000c002374800'
Event: 2413.859 Thread 0x0000000141818400 Unloading class 0x000000c002374400 'java/lang/invoke/LambdaForm$MH+0x000000c002374400'
Event: 2413.859 Thread 0x0000000141818400 Unloading class 0x000000c00236cc00 'java/lang/invoke/LambdaForm$MH+0x000000c00236cc00'
Event: 2413.859 Thread 0x0000000141818400 Unloading class 0x000000c00235c400 'java/lang/invoke/LambdaForm$MH+0x000000c00235c400'
Event: 2413.859 Thread 0x0000000141818400 Unloading class 0x000000c002350800 'java/lang/invoke/LambdaForm$MH+0x000000c002350800'
Event: 2413.859 Thread 0x0000000141818400 Unloading class 0x000000c002350400 'java/lang/invoke/LambdaForm$MH+0x000000c002350400'
Event: 2413.859 Thread 0x0000000141818400 Unloading class 0x000000c002328000 'java/lang/invoke/LambdaForm$MH+0x000000c002328000'
Event: 2413.859 Thread 0x0000000141818400 Unloading class 0x000000c002310000 'java/lang/invoke/LambdaForm$DMH+0x000000c002310000'
Event: 2413.859 Thread 0x0000000141818400 Unloading class 0x000000c0020a4c00 'java/lang/invoke/LambdaForm$BMH+0x000000c0020a4c00'
Event: 2413.859 Thread 0x0000000141818400 Unloading class 0x000000c00207c800 'java/lang/invoke/LambdaForm$MH+0x000000c00207c800'
Event: 2413.859 Thread 0x0000000141818400 Unloading class 0x000000c002074000 'java/lang/invoke/LambdaForm$MH+0x000000c002074000'
Event: 2413.859 Thread 0x0000000141818400 Unloading class 0x000000c00205b400 'java/lang/invoke/LambdaForm$MH+0x000000c00205b400'
Event: 2413.859 Thread 0x0000000141818400 Unloading class 0x000000c00205b000 'java/lang/invoke/LambdaForm$MH+0x000000c00205b000'
Event: 2413.859 Thread 0x0000000141818400 Unloading class 0x000000c00205ac00 'java/lang/invoke/LambdaForm$MH+0x000000c00205ac00'

Classes redefined (20 events):
Event: 2367.440 Thread 0x0000000141818400 redefined class name=com.example.SavedRecipeEntity, count=1
Event: 2367.440 Thread 0x0000000141818400 redefined class name=com.example.SavedRecipeRepository, count=1
Event: 2367.440 Thread 0x0000000141818400 redefined class name=jdk.proxy2.$Proxy167, count=1
Event: 2367.440 Thread 0x0000000141818400 redefined class name=com.example.Repositories.RecipesRepository, count=1
Event: 2367.440 Thread 0x0000000141818400 redefined class name=com.example.RecipeIngredient, count=1
Event: 2367.440 Thread 0x0000000141818400 redefined class name=com.example.LoginView, count=1
Event: 2367.440 Thread 0x0000000141818400 redefined class name=com.example.RecipeIngredient$HibernateProxy, count=1
Event: 2367.440 Thread 0x0000000141818400 redefined class name=com.example.SavedRecipeEntity$HibernateProxy, count=1
Event: 2367.440 Thread 0x0000000141818400 redefined class name=com.example.Recipes, count=1
Event: 2367.440 Thread 0x0000000141818400 redefined class name=com.example.Recipes$HibernateProxy, count=1
Event: 2367.440 Thread 0x0000000141818400 redefined class name=com.example.UserRepository, count=1
Event: 2367.440 Thread 0x0000000141818400 redefined class name=jdk.proxy2.$Proxy163, count=1
Event: 2367.440 Thread 0x0000000141818400 redefined class name=jdk.proxy2.$Proxy158, count=1
Event: 2368.132 Thread 0x0000000141818400 redefined class name=jdk.proxy2.$Proxy166, count=2
Event: 2368.367 Thread 0x0000000141818400 redefined class name=jdk.proxy2.$Proxy156, count=2
Event: 2368.621 Thread 0x0000000141818400 redefined class name=jdk.proxy2.$Proxy159, count=2
Event: 2368.789 Thread 0x0000000141818400 redefined class name=jdk.proxy2.$Proxy167, count=2
Event: 2368.926 Thread 0x0000000141818400 redefined class name=jdk.proxy2.$Proxy163, count=2
Event: 2369.070 Thread 0x0000000141818400 redefined class name=jdk.proxy2.$Proxy158, count=2
Event: 2407.895 Thread 0x0000000141818400 redefined class name=com.example.Views.InventoryView, count=2

Internal exceptions (20 events):
Event: 2367.395 Thread 0x00000001418ef800 Exception <a 'java/lang/ClassCastException'{0x000000078ee9d970}: class java.io.ObjectStreamClass$Caches$1 cannot be cast to class java.util.Map (java.io.ObjectStreamClass$Caches$1 and java.util.Map are in module java.base of loader 'bootstrap')> (0x000000078ee9d970) 
thrown [src/hotspot/share/interpreter/interpreterRuntime.cpp, line 436]
Event: 2367.398 Thread 0x00000001418ef800 Exception <a 'java/lang/ClassCastException'{0x000000078ed39b08}: class java.io.ObjectStreamClass$Caches$1 cannot be cast to class java.util.Map (java.io.ObjectStreamClass$Caches$1 and java.util.Map are in module java.base of loader 'bootstrap')> (0x000000078ed39b08) 
thrown [src/hotspot/share/interpreter/interpreterRuntime.cpp, line 436]
Event: 2367.404 Thread 0x00000001418ef800 Exception <a 'java/lang/ClassCastException'{0x000000078edc7e28}: class java.io.ObjectStreamClass$Caches$1 cannot be cast to class java.util.Map (java.io.ObjectStreamClass$Caches$1 and java.util.Map are in module java.base of loader 'bootstrap')> (0x000000078edc7e28) 
thrown [src/hotspot/share/interpreter/interpreterRuntime.cpp, line 436]
Event: 2367.405 Thread 0x00000001418ef800 Exception <a 'java/lang/ClassCastException'{0x000000078ec366f0}: class java.io.ObjectStreamClass$Caches$1 cannot be cast to class java.util.Map (java.io.ObjectStreamClass$Caches$1 and java.util.Map are in module java.base of loader 'bootstrap')> (0x000000078ec366f0) 
thrown [src/hotspot/share/interpreter/interpreterRuntime.cpp, line 436]
Event: 2367.408 Thread 0x00000001418ef800 Exception <a 'java/lang/ClassCastException'{0x000000078ecee448}: class java.io.ObjectStreamClass$Caches$1 cannot be cast to class java.util.Map (java.io.ObjectStreamClass$Caches$1 and java.util.Map are in module java.base of loader 'bootstrap')> (0x000000078ecee448) 
thrown [src/hotspot/share/interpreter/interpreterRuntime.cpp, line 436]
Event: 2367.409 Thread 0x00000001418ef800 Exception <a 'java/lang/ClassCastException'{0x000000078eb54400}: class java.io.ObjectStreamClass$Caches$1 cannot be cast to class java.util.Map (java.io.ObjectStreamClass$Caches$1 and java.util.Map are in module java.base of loader 'bootstrap')> (0x000000078eb54400) 
thrown [src/hotspot/share/interpreter/interpreterRuntime.cpp, line 436]
Event: 2367.413 Thread 0x00000001418ef800 Exception <a 'java/lang/ClassCastException'{0x000000078ebbc438}: class java.io.ObjectStreamClass$Caches$1 cannot be cast to class java.util.Map (java.io.ObjectStreamClass$Caches$1 and java.util.Map are in module java.base of loader 'bootstrap')> (0x000000078ebbc438) 
thrown [src/hotspot/share/interpreter/interpreterRuntime.cpp, line 436]
Event: 2367.415 Thread 0x00000001418ef800 Exception <a 'java/lang/ClassCastException'{0x000000078ea4f558}: class java.io.ObjectStreamClass$Caches$1 cannot be cast to class java.util.Map (java.io.ObjectStreamClass$Caches$1 and java.util.Map are in module java.base of loader 'bootstrap')> (0x000000078ea4f558) 
thrown [src/hotspot/share/interpreter/interpreterRuntime.cpp, line 436]
Event: 2367.774 Thread 0x0000000141df9e00 Exception <a 'java/lang/NoSuchMethodError'{0x000000078e6e2f38}: 'void java.lang.invoke.DirectMethodHandle$Holder.invokeSpecial(java.lang.Object, java.lang.Object, long)'> (0x000000078e6e2f38) 
thrown [src/hotspot/share/interpreter/linkResolver.cpp, line 815]
Event: 2367.775 Thread 0x0000000141df9e00 Exception <a 'java/lang/NoSuchMethodError'{0x000000078e6eac88}: 'void java.lang.invoke.DelegatingMethodHandle$Holder.reinvoke_L(java.lang.Object, long)'> (0x000000078e6eac88) 
thrown [src/hotspot/share/interpreter/linkResolver.cpp, line 815]
Event: 2368.124 Thread 0x0000000143229000 Exception <a 'java/lang/ClassCastException'{0x000000078d863938}: class java.io.ObjectStreamClass$Caches$1 cannot be cast to class java.util.Map (java.io.ObjectStreamClass$Caches$1 and java.util.Map are in module java.base of loader 'bootstrap')> (0x000000078d863938) 
thrown [src/hotspot/share/interpreter/interpreterRuntime.cpp, line 436]
Event: 2368.362 Thread 0x0000000143229000 Exception <a 'java/lang/ClassCastException'{0x000000078d0a7300}: class java.io.ObjectStreamClass$Caches$1 cannot be cast to class java.util.Map (java.io.ObjectStreamClass$Caches$1 and java.util.Map are in module java.base of loader 'bootstrap')> (0x000000078d0a7300) 
thrown [src/hotspot/share/interpreter/interpreterRuntime.cpp, line 436]
Event: 2368.615 Thread 0x0000000143229000 Exception <a 'java/lang/ClassCastException'{0x000000078cbfac68}: class java.io.ObjectStreamClass$Caches$1 cannot be cast to class java.util.Map (java.io.ObjectStreamClass$Caches$1 and java.util.Map are in module java.base of loader 'bootstrap')> (0x000000078cbfac68) 
thrown [src/hotspot/share/interpreter/interpreterRuntime.cpp, line 436]
Event: 2368.784 Thread 0x0000000143229000 Exception <a 'java/lang/ClassCastException'{0x000000078c83dfa8}: class java.io.ObjectStreamClass$Caches$1 cannot be cast to class java.util.Map (java.io.ObjectStreamClass$Caches$1 and java.util.Map are in module java.base of loader 'bootstrap')> (0x000000078c83dfa8) 
thrown [src/hotspot/share/interpreter/interpreterRuntime.cpp, line 436]
Event: 2368.922 Thread 0x0000000143229000 Exception <a 'java/lang/ClassCastException'{0x000000078c5d8f20}: class java.io.ObjectStreamClass$Caches$1 cannot be cast to class java.util.Map (java.io.ObjectStreamClass$Caches$1 and java.util.Map are in module java.base of loader 'bootstrap')> (0x000000078c5d8f20) 
thrown [src/hotspot/share/interpreter/interpreterRuntime.cpp, line 436]
Event: 2369.065 Thread 0x0000000143229000 Exception <a 'java/lang/ClassCastException'{0x000000078c017128}: class java.io.ObjectStreamClass$Caches$1 cannot be cast to class java.util.Map (java.io.ObjectStreamClass$Caches$1 and java.util.Map are in module java.base of loader 'bootstrap')> (0x000000078c017128) 
thrown [src/hotspot/share/interpreter/interpreterRuntime.cpp, line 436]
Event: 2369.283 Thread 0x0000000141df9e00 Exception <a 'java/lang/NoSuchMethodError'{0x000000078bec93e8}: 'org.springframework.beans.PropertyValues org.springframework.beans.factory.annotation.AutowiredAnnotationBeanPostProcessor.postProcessPropertyValues(org.springframework.beans.PropertyValues, java.beans.PropertyDescriptor[], java.lang.Object, java.lang.String)'> (0x000000078bec93e8) 
thrown [src/hotspot/share/interpreter/linkResolver.cpp, line 815]
Event: 2407.881 Thread 0x00000001418ef800 Exception <a 'java/lang/ClassCastException'{0x000000078abbe850}: class java.io.ObjectStreamClass$Caches$1 cannot be cast to class java.util.Map (java.io.ObjectStreamClass$Caches$1 and java.util.Map are in module java.base of loader 'bootstrap')> (0x000000078abbe850) 
thrown [src/hotspot/share/interpreter/interpreterRuntime.cpp, line 436]
Event: 2408.057 Thread 0x00000001681f0e00 Exception <a 'java/lang/NoSuchMethodError'{0x000000078aa80c70}: 'void java.lang.invoke.DirectMethodHandle$Holder.invokeInterface(java.lang.Object, java.lang.Object, java.lang.Object, java.lang.Object, java.lang.Object, java.lang.Object, java.lang.Object, java.lang.Object)'> (0x000000078aa80c70) 
thrown [src/hotspot/share/interpreter/linkResolver.cpp, line 815]
Event: 2408.059 Thread 0x00000001681f0e00 Exception <a 'java/lang/NoSuchMethodError'{0x000000078aa89eb8}: 'void java.lang.invoke.DelegatingMethodHandle$Holder.reinvoke_L(java.lang.Object, java.lang.Object, java.lang.Object, java.lang.Object, java.lang.Object, java.lang.Object, java.lang.Object, java.lang.Object)'> (0x000000078aa89eb8) 
thrown [src/hotspot/share/interpreter/linkResolver.cpp, line 815]

VM Operations (20 events):
Event: 2368.621 Executing safepoint VM operation: RedefineClasses (Heap Inspection Initiated GC)
Event: 2368.729 Executing safepoint VM operation: RedefineClasses (Heap Inspection Initiated GC) done
Event: 2368.789 Executing safepoint VM operation: RedefineClasses (Heap Inspection Initiated GC)
Event: 2368.876 Executing safepoint VM operation: RedefineClasses (Heap Inspection Initiated GC) done
Event: 2368.926 Executing safepoint VM operation: RedefineClasses (Heap Inspection Initiated GC)
Event: 2369.019 Executing safepoint VM operation: RedefineClasses (Heap Inspection Initiated GC) done
Event: 2369.070 Executing safepoint VM operation: RedefineClasses (Heap Inspection Initiated GC)
Event: 2369.154 Executing safepoint VM operation: RedefineClasses (Heap Inspection Initiated GC) done
Event: 2404.891 Executing non-safepoint VM operation: HandshakeAllThreads (HandshakeForDeflation)
Event: 2404.893 Executing non-safepoint VM operation: HandshakeAllThreads (HandshakeForDeflation) done
Event: 2404.893 Executing non-safepoint VM operation: RendezvousGCThreads
Event: 2404.893 Executing non-safepoint VM operation: RendezvousGCThreads done
Event: 2407.895 Executing safepoint VM operation: RedefineClasses (Heap Inspection Initiated GC)
Event: 2408.056 Executing safepoint VM operation: RedefineClasses (Heap Inspection Initiated GC) done
Event: 2413.803 Executing safepoint VM operation: G1TryInitiateConcMark (G1 Humongous Allocation)
Event: 2413.819 Executing safepoint VM operation: G1TryInitiateConcMark (G1 Humongous Allocation) done
Event: 2413.859 Executing safepoint VM operation: G1PauseRemark
Event: 2413.886 Executing safepoint VM operation: G1PauseRemark done
Event: 2413.899 Executing safepoint VM operation: G1PauseCleanup
Event: 2413.899 Executing safepoint VM operation: G1PauseCleanup done

Memory protections (20 events):
Event: 2409.095 Protecting memory [0x0000000177240000,0x000000017724c000] with protection modes 3
Event: 2409.524 Protecting memory [0x0000000176a10000,0x0000000176a1c000] with protection modes 0
Event: 2409.556 Protecting memory [0x0000000176a10000,0x0000000176a1c000] with protection modes 3
Event: 2413.463 Protecting memory [0x0000000176a10000,0x0000000176a1c000] with protection modes 0
Event: 2413.463 Protecting memory [0x0000000176c1c000,0x0000000176c28000] with protection modes 0
Event: 2413.464 Protecting memory [0x0000000177034000,0x0000000177040000] with protection modes 0
Event: 2413.466 Protecting memory [0x0000000177240000,0x000000017724c000] with protection modes 0
Event: 2413.467 Protecting memory [0x000000017744c000,0x0000000177458000] with protection modes 0
Event: 2413.468 Protecting memory [0x0000000177864000,0x0000000177870000] with protection modes 0
Event: 2413.468 Protecting memory [0x0000000177864000,0x0000000177870000] with protection modes 3
Event: 2413.469 Protecting memory [0x0000000177864000,0x0000000177870000] with protection modes 0
Event: 2413.469 Protecting memory [0x0000000177c7c000,0x0000000177c88000] with protection modes 0
Event: 2413.469 Protecting memory [0x0000000177c7c000,0x0000000177c88000] with protection modes 3
Event: 2413.469 Protecting memory [0x0000000300210000,0x000000030021c000] with protection modes 0
Event: 2413.471 Protecting memory [0x0000000177c7c000,0x0000000177c88000] with protection modes 0
Event: 2413.483 Protecting memory [0x0000000300a40000,0x0000000300a4c000] with protection modes 0
Event: 2413.679 Protecting memory [0x0000000301270000,0x000000030127c000] with protection modes 0
Event: 2414.066 Protecting memory [0x000000030147c000,0x0000000301488000] with protection modes 3
Event: 2414.465 Protecting memory [0x0000000177034000,0x0000000177040000] with protection modes 3
Event: 2414.476 Protecting memory [0x0000000177c7c000,0x0000000177c88000] with protection modes 3

Nmethod flushes (20 events):
Event: 2413.884 Thread 0x0000000141818400 flushing  nmethod 0x000000010cc31c48
Event: 2413.884 Thread 0x0000000141818400 flushing  nmethod 0x000000010cc32008
Event: 2413.884 Thread 0x0000000141818400 flushing  nmethod 0x000000010cc33688
Event: 2413.884 Thread 0x0000000141818400 flushing  nmethod 0x000000010cc73988
Event: 2413.884 Thread 0x0000000141818400 flushing  nmethod 0x000000010cc745c8
Event: 2413.884 Thread 0x0000000141818400 flushing  nmethod 0x000000010cc74f08
Event: 2413.884 Thread 0x0000000141818400 flushing  nmethod 0x000000010cc7afc8
Event: 2413.884 Thread 0x0000000141818400 flushing  nmethod 0x000000010cc7c1c8
Event: 2413.884 Thread 0x0000000141818400 flushing  nmethod 0x000000010cc7dc08
Event: 2413.884 Thread 0x0000000141818400 flushing  nmethod 0x000000010cc9b888
Event: 2413.884 Thread 0x0000000141818400 flushing  nmethod 0x000000010cc9c008
Event: 2413.884 Thread 0x0000000141818400 flushing  nmethod 0x000000010cc9da88
Event: 2413.884 Thread 0x0000000141818400 flushing  nmethod 0x000000010ccb2a08
Event: 2413.884 Thread 0x0000000141818400 flushing  nmethod 0x000000010ccb3c88
Event: 2413.884 Thread 0x0000000141818400 flushing  nmethod 0x000000010ccb4448
Event: 2413.884 Thread 0x0000000141818400 flushing  nmethod 0x000000010cceadc8
Event: 2413.884 Thread 0x0000000141818400 flushing  nmethod 0x000000010ccef648
Event: 2413.884 Thread 0x0000000141818400 flushing  nmethod 0x000000010cd9a148
Event: 2413.884 Thread 0x0000000141818400 flushing  nmethod 0x000000010cd9a548
Event: 2413.884 Thread 0x0000000141818400 flushing  nmethod 0x000000010cd9be08

Events (20 events):
Event: 2409.095 Thread 0x00000001684baa00 Thread exited: 0x00000001684baa00
Event: 2409.524 Thread 0x0000000140a37400 Thread added: 0x00000001430f8800
Event: 2409.556 Thread 0x00000001430f8800 Thread exited: 0x00000001430f8800
Event: 2413.463 Thread 0x000000016807ae00 Thread added: 0x000000016866bc00
Event: 2413.463 Thread 0x000000016807ae00 Thread added: 0x000000016866da00
Event: 2413.464 Thread 0x000000016807ae00 Thread added: 0x0000000106159e00
Event: 2413.465 Thread 0x000000014354d000 Thread added: 0x0000000142ca3400
Event: 2413.467 Thread 0x0000000142ca3400 Thread added: 0x00000001418ea000
Event: 2413.468 Thread 0x0000000142ca3400 Thread added: 0x0000000143729e00
Event: 2413.468 Thread 0x0000000143729e00 Thread exited: 0x0000000143729e00
Event: 2413.469 Thread 0x0000000142ca3400 Thread added: 0x00000001418ea800
Event: 2413.469 Thread 0x0000000142ca3400 Thread added: 0x000000016866e200
Event: 2413.469 Thread 0x000000016866e200 Thread exited: 0x000000016866e200
Event: 2413.469 Thread 0x0000000142ca3400 Thread added: 0x000000016866e200
Event: 2413.471 Thread 0x0000000142ca3400 Thread added: 0x00000001260e8200
Event: 2413.483 Thread 0x0000000142ca3400 Thread added: 0x0000000143729e00
Event: 2413.679 Thread 0x000000014354d000 Thread added: 0x000000014306b600
Event: 2414.066 Thread 0x0000000125dca800 Thread exited: 0x0000000125dca800
Event: 2414.465 Thread 0x0000000106159e00 Thread exited: 0x0000000106159e00
Event: 2414.476 Thread 0x00000001260e8200 Thread exited: 0x00000001260e8200


Dynamic libraries:
0x0000000100ed8000 	/Users/walid/.vaadin/jdk/jbrsdk-25-osx-aarch64-b176.4/Contents/Home/lib/libjli.dylib
0x000000019dbdd000 	/System/Library/Frameworks/ApplicationServices.framework/Versions/A/ApplicationServices
0x000000018a2f6000 	/System/Library/Frameworks/CoreGraphics.framework/Versions/A/CoreGraphics
0x0000000186871000 	/System/Library/Frameworks/CoreText.framework/Versions/A/CoreText
0x000000018fbb9000 	/System/Library/Frameworks/ImageIO.framework/Versions/A/ImageIO
0x000000018aa27000 	/System/Library/Frameworks/ColorSync.framework/Versions/A/ColorSync
0x0000000195deb000 	/System/Library/Frameworks/ApplicationServices.framework/Versions/A/Frameworks/ATS.framework/Versions/A/ATS
0x0000000199a1c000 	/System/Library/Frameworks/CoreServices.framework/Versions/A/CoreServices
0x000000018abdd000 	/System/Library/Frameworks/ApplicationServices.framework/Versions/A/Frameworks/HIServices.framework/Versions/A/HIServices
0x00000001946a4000 	/System/Library/Frameworks/ApplicationServices.framework/Versions/A/Frameworks/PrintCore.framework/Versions/A/PrintCore
0x00000001961de000 	/System/Library/Frameworks/ApplicationServices.framework/Versions/A/Frameworks/QD.framework/Versions/A/QD
0x00000001961d5000 	/System/Library/Frameworks/ApplicationServices.framework/Versions/A/Frameworks/ColorSyncLegacy.framework/Versions/A/ColorSyncLegacy
0x0000000195dbd000 	/System/Library/Frameworks/ApplicationServices.framework/Versions/A/Frameworks/SpeechSynthesis.framework/Versions/A/SpeechSynthesis
0x0000000191fef000 	/usr/lib/libSystem.B.dylib
0x0000000189dcf000 	/System/Library/PrivateFrameworks/SkyLight.framework/Versions/A/SkyLight
0x000000018b4b2000 	/System/Library/PrivateFrameworks/ProtocolBuffer.framework/Versions/A/ProtocolBuffer
0x0000000191ff4000 	/System/Library/PrivateFrameworks/SoftLinking.framework/Versions/A/SoftLinking
0x00000001875cc000 	/usr/lib/libicucore.A.dylib
0x000000018c9a3000 	/System/Library/PrivateFrameworks/CoreAnalytics.framework/Versions/A/CoreAnalytics
0x000000018f589000 	/System/Library/PrivateFrameworks/FontServices.framework/libFontParser.dylib
0x0000000199cc8000 	/System/Library/Frameworks/Accelerate.framework/Versions/A/Accelerate
0x000000018f16f000 	/System/Library/Frameworks/IOSurface.framework/Versions/A/IOSurface
0x000000018d648000 	/usr/lib/libxml2.2.dylib
0x0000000189933000 	/System/Library/Frameworks/CFNetwork.framework/Versions/A/CFNetwork
0x0000000183e02000 	/System/Library/Frameworks/CoreFoundation.framework/Versions/A/CoreFoundation
0x00000001853f3000 	/System/Library/Frameworks/Foundation.framework/Versions/C/Foundation
0x0000000191f39000 	/usr/lib/libz.1.dylib
0x0000000183998000 	/usr/lib/libobjc.A.dylib
0x0000000183ca6000 	/usr/lib/libc++.1.dylib
0x00000001871c2000 	/System/Library/Frameworks/Security.framework/Versions/A/Security
0x0000000231eaa000 	/System/Library/PrivateFrameworks/CollectionsInternal.framework/Versions/A/CollectionsInternal
0x0000000195530000 	/usr/lib/swift/libswiftCore.dylib
0x00000001acd07000 	/usr/lib/swift/libswiftCoreFoundation.dylib
0x00000001aa070000 	/usr/lib/swift/libswiftDarwin.dylib
0x000000019b515000 	/usr/lib/swift/libswiftDispatch.dylib
0x00000001acd62000 	/usr/lib/swift/libswiftIOKit.dylib
0x000000019e197000 	/usr/lib/swift/libswiftObjectiveC.dylib
0x00000001acd19000 	/usr/lib/swift/libswiftXPC.dylib
0x000000026c5c6000 	/usr/lib/swift/libswift_Builtin_float.dylib
0x000000026c7bb000 	/usr/lib/swift/libswift_errno.dylib
0x000000026c7bd000 	/usr/lib/swift/libswift_math.dylib
0x000000026c7c0000 	/usr/lib/swift/libswift_signal.dylib
0x000000026c7c1000 	/usr/lib/swift/libswift_stdio.dylib
0x000000026c7c2000 	/usr/lib/swift/libswift_time.dylib
0x000000026c7c3000 	/usr/lib/swift/libswiftsys_time.dylib
0x000000026c7c4000 	/usr/lib/swift/libswiftunistd.dylib
0x000000018b803000 	/System/Library/PrivateFrameworks/RunningBoardServices.framework/Versions/A/RunningBoardServices
0x0000000189d1a000 	/usr/lib/libMobileGestalt.dylib
0x0000000189dac000 	/System/Library/PrivateFrameworks/TCC.framework/Versions/A/TCC
0x00000001a0ec2000 	/System/Library/PrivateFrameworks/IOSurfaceAccelerator.framework/Versions/A/IOSurfaceAccelerator
0x0000000194085000 	/System/Library/PrivateFrameworks/WatchdogClient.framework/Versions/A/WatchdogClient
0x000000019221d000 	/usr/lib/libcompression.dylib
0x000000018c9d4000 	/usr/lib/libDiagnosticMessagesClient.dylib
0x0000000185056000 	/System/Library/Frameworks/SystemConfiguration.framework/Versions/A/SystemConfiguration
0x0000000186398000 	/System/Library/Frameworks/CoreDisplay.framework/Versions/A/CoreDisplay
0x00000001910ae000 	/System/Library/PrivateFrameworks/IOMobileFramebuffer.framework/Versions/A/IOMobileFramebuffer
0x000000018f42d000 	/System/Library/Frameworks/CoreMedia.framework/Versions/A/CoreMedia
0x000000018f188000 	/System/Library/PrivateFrameworks/IOAccelerator.framework/Versions/A/IOAccelerator
0x0000000187c17000 	/System/Library/Frameworks/IOKit.framework/Versions/A/IOKit
0x000000018f192000 	/System/Library/Frameworks/Metal.framework/Versions/A/Metal
0x000000018d732000 	/System/Library/Frameworks/CoreVideo.framework/Versions/A/CoreVideo
0x0000000192215000 	/System/Library/Frameworks/MetalPerformanceShaders.framework/Versions/A/MetalPerformanceShaders
0x0000000194087000 	/System/Library/PrivateFrameworks/MultitouchSupport.framework/Versions/A/MultitouchSupport
0x000000018cedb000 	/System/Library/Frameworks/QuartzCore.framework/Versions/A/QuartzCore
0x00000001913da000 	/usr/lib/libbsm.0.dylib
0x000000025109a000 	/System/Library/PrivateFrameworks/ProDisplayLibrary.framework/Versions/A/ProDisplayLibrary
0x00000001940cd000 	/System/Library/Frameworks/VideoToolbox.framework/Versions/A/VideoToolbox
0x00000001b98cc000 	/usr/lib/swift/libswiftMetal.dylib
0x00000001c886d000 	/usr/lib/swift/libswiftOSLog.dylib
0x00000001bec6b000 	/usr/lib/swift/libswiftQuartzCore.dylib
0x00000001c32c6000 	/usr/lib/swift/libswiftUniformTypeIdentifiers.dylib
0x000000019e19b000 	/usr/lib/swift/libswiftos.dylib
0x00000001b05bb000 	/usr/lib/swift/libswiftsimd.dylib
0x000000018d7d3000 	/System/Library/PrivateFrameworks/UserManagement.framework/Versions/A/UserManagement
0x000000018b71e000 	/System/Library/PrivateFrameworks/BaseBoard.framework/Versions/A/BaseBoard
0x000000018d5c2000 	/System/Library/Frameworks/CoreServices.framework/Versions/A/Frameworks/FSEvents.framework/Versions/A/FSEvents
0x00000001878a3000 	/System/Library/Frameworks/CoreServices.framework/Versions/A/Frameworks/CarbonCore.framework/Versions/A/CarbonCore
0x000000018ca37000 	/System/Library/Frameworks/CoreServices.framework/Versions/A/Frameworks/Metadata.framework/Versions/A/Metadata
0x0000000191ad1000 	/System/Library/Frameworks/CoreServices.framework/Versions/A/Frameworks/OSServices.framework/Versions/A/OSServices
0x000000019213e000 	/System/Library/Frameworks/CoreServices.framework/Versions/A/Frameworks/SearchKit.framework/Versions/A/SearchKit
0x000000018b86c000 	/System/Library/Frameworks/CoreServices.framework/Versions/A/Frameworks/AE.framework/Versions/A/AE
0x0000000184341000 	/System/Library/Frameworks/CoreServices.framework/Versions/A/Frameworks/LaunchServices.framework/Versions/A/LaunchServices
0x0000000193555000 	/System/Library/Frameworks/CoreServices.framework/Versions/A/Frameworks/DictionaryServices.framework/Versions/A/DictionaryServices
0x000000018d5d0000 	/System/Library/Frameworks/CoreServices.framework/Versions/A/Frameworks/SharedFileList.framework/Versions/A/SharedFileList
0x00000001921d4000 	/usr/lib/libapple_nghttp2.dylib
0x000000018b4cd000 	/usr/lib/libsqlite3.dylib
0x0000000196214000 	/System/Library/Frameworks/GSS.framework/Versions/A/GSS
0x00000001947bb000 	/System/Library/PrivateFrameworks/InternationalSupport.framework/Versions/A/InternationalSupport
0x0000000189d18000 	/usr/lib/libenergytrace.dylib
0x000000018b8fa000 	/System/Library/Frameworks/Network.framework/Versions/A/Network
0x0000000187b96000 	/System/Library/PrivateFrameworks/CoreServicesInternal.framework/Versions/A/CoreServicesInternal
0x0000000191fbc000 	/usr/lib/liboah.dylib
0x0000000191ff1000 	/usr/lib/libfakelink.dylib
0x0000000183d33000 	/usr/lib/libc++abi.dylib
0x000000026b4d0000 	/usr/lib/libRosetta.dylib
0x000000018d5fe000 	/System/Library/PrivateFrameworks/CoreAutoLayout.framework/Versions/A/CoreAutoLayout
0x000000018cac2000 	/System/Library/Frameworks/DiskArbitration.framework/Versions/A/DiskArbitration
0x0000000192046000 	/usr/lib/libarchive.2.dylib
0x00000001903b6000 	/usr/lib/liblangid.dylib
0x0000000197917000 	/System/Library/Frameworks/Combine.framework/Versions/A/Combine
0x0000000251d5c000 	/System/Library/PrivateFrameworks/ReflectionInternal.framework/Versions/A/ReflectionInternal
0x0000000252a33000 	/System/Library/PrivateFrameworks/RuntimeInternal.framework/Versions/A/RuntimeInternal
0x000000026c557000 	/usr/lib/swift/libswiftSystem.dylib
0x000000026c5c9000 	/usr/lib/swift/libswift_Concurrency.dylib
0x000000026c728000 	/usr/lib/swift/libswift_StringProcessing.dylib
0x0000000191fe9000 	/usr/lib/system/libcache.dylib
0x0000000191fa4000 	/usr/lib/system/libcommonCrypto.dylib
0x0000000191fcf000 	/usr/lib/system/libcompiler_rt.dylib
0x0000000191fc4000 	/usr/lib/system/libcopyfile.dylib
0x0000000183af3000 	/usr/lib/system/libcorecrypto.dylib
0x0000000183bda000 	/usr/lib/system/libdispatch.dylib
0x0000000183d9a000 	/usr/lib/system/libdyld.dylib
0x0000000191fdf000 	/usr/lib/system/libkeymgr.dylib
0x0000000191f87000 	/usr/lib/system/libmacho.dylib
0x00000001913b3000 	/usr/lib/system/libquarantine.dylib
0x0000000191fdc000 	/usr/lib/system/libremovefile.dylib
0x0000000189d94000 	/usr/lib/system/libsystem_asl.dylib
0x0000000183a88000 	/usr/lib/system/libsystem_blocks.dylib
0x0000000183c24000 	/usr/lib/system/libsystem_c.dylib
0x0000000191fd3000 	/usr/lib/system/libsystem_collections.dylib
0x00000001903a3000 	/usr/lib/system/libsystem_configuration.dylib
0x000000018f13e000 	/usr/lib/system/libsystem_containermanager.dylib
0x0000000191ac9000 	/usr/lib/system/libsystem_coreservices.dylib
0x0000000187898000 	/usr/lib/system/libsystem_darwin.dylib
0x000000026c8fb000 	/usr/lib/system/libsystem_darwindirectory.dylib
0x0000000191fe0000 	/usr/lib/system/libsystem_dnssd.dylib
0x000000026c8ff000 	/usr/lib/system/libsystem_eligibility.dylib
0x0000000183c21000 	/usr/lib/system/libsystem_featureflags.dylib
0x0000000183dd2000 	/usr/lib/system/libsystem_info.dylib
0x0000000191f48000 	/usr/lib/system/libsystem_m.dylib
0x0000000183b92000 	/usr/lib/system/libsystem_malloc.dylib
0x0000000189cfd000 	/usr/lib/system/libsystem_networkextension.dylib
0x0000000187cfa000 	/usr/lib/system/libsystem_notify.dylib
0x00000001903a8000 	/usr/lib/system/libsystem_sandbox.dylib
0x000000026c907000 	/usr/lib/system/libsystem_sanitizers.dylib
0x0000000191fd8000 	/usr/lib/system/libsystem_secinit.dylib
0x0000000183d51000 	/usr/lib/system/libsystem_kernel.dylib
0x0000000183dca000 	/usr/lib/system/libsystem_platform.dylib
0x0000000183d8d000 	/usr/lib/system/libsystem_pthread.dylib
0x000000018b8f1000 	/usr/lib/system/libsystem_symptoms.dylib
0x0000000183ad7000 	/usr/lib/system/libsystem_trace.dylib
0x0000000191fb2000 	/usr/lib/system/libunwind.dylib
0x0000000183a8c000 	/usr/lib/system/libxpc.dylib
0x0000000191379000 	/System/Library/PrivateFrameworks/BackgroundTaskManagement.framework/Versions/A/BackgroundTaskManagement
0x000000022dc31000 	/System/Library/PrivateFrameworks/AppleKeyStore.framework/Versions/A/AppleKeyStore
0x000000026b328000 	/usr/lib/libCoreEntitlements.dylib
0x0000000248cfc000 	/System/Library/PrivateFrameworks/MessageSecurity.framework/Versions/A/MessageSecurity
0x0000000191ab0000 	/System/Library/PrivateFrameworks/AppleFSCompression.framework/Versions/A/AppleFSCompression
0x00000001913c2000 	/usr/lib/libcoretls.dylib
0x00000001935cb000 	/usr/lib/libcoretls_cfhelpers.dylib
0x0000000192217000 	/usr/lib/libpam.2.dylib
0x000000019363f000 	/usr/lib/libxar.1.dylib
0x00000001935cd000 	/System/Library/PrivateFrameworks/APFS.framework/Versions/A/APFS
0x000000025bfbf000 	/System/Library/PrivateFrameworks/SwiftASN1Internal.framework/Versions/A/SwiftASN1Internal
0x000000019364e000 	/usr/lib/libutil.dylib
0x0000000191f8b000 	/usr/lib/system/libkxld.dylib
0x00000001903b1000 	/System/Library/PrivateFrameworks/AppleSystemInfo.framework/Versions/A/AppleSystemInfo
0x00000001acbf2000 	/System/Library/PrivateFrameworks/LoggingSupport.framework/Versions/A/LoggingSupport
0x000000019a9d6000 	/System/Library/PrivateFrameworks/PowerLog.framework/Versions/A/PowerLog
0x00000001ea76e000 	/System/Library/Frameworks/SwiftData.framework/Versions/A/SwiftData
0x00000001893aa000 	/System/Library/Frameworks/UniformTypeIdentifiers.framework/Versions/A/UniformTypeIdentifiers
0x0000000189861000 	/usr/lib/libboringssl.dylib
0x000000018b8e0000 	/usr/lib/libdns_services.dylib
0x00000001abda1000 	/usr/lib/libquic.dylib
0x00000001954bf000 	/usr/lib/libusrtcp.dylib
0x00000001d06e2000 	/System/Library/PrivateFrameworks/InternalSwiftProtobuf.framework/Versions/A/InternalSwiftProtobuf
0x000000026c4b4000 	/usr/lib/swift/libswiftDistributed.dylib
0x000000026c4e0000 	/usr/lib/swift/libswiftObservation.dylib
0x000000026c54d000 	/usr/lib/swift/libswiftSynchronization.dylib
0x0000000189932000 	/usr/lib/libnetwork.dylib
0x00000001bd8a2000 	/System/Library/PrivateFrameworks/OSAnalytics.framework/Versions/A/OSAnalytics
0x00000001921af000 	/System/Library/PrivateFrameworks/AppleSauce.framework/Versions/A/AppleSauce
0x000000019bcab000 	/System/Library/PrivateFrameworks/CoreSymbolication.framework/Versions/A/CoreSymbolication
0x00000001cc3ab000 	/System/Library/PrivateFrameworks/Symbolication.framework/Versions/A/Symbolication
0x000000019bc87000 	/System/Library/PrivateFrameworks/DebugSymbols.framework/Versions/A/DebugSymbols
0x000000026b1f3000 	/usr/lib/libAppleArchive.dylib
0x0000000191abc000 	/usr/lib/libbz2.1.0.dylib
0x00000001935ac000 	/usr/lib/liblzma.5.dylib
0x00000001acc7b000 	/System/Library/PrivateFrameworks/MallocStackLogging.framework/Versions/A/MallocStackLogging
0x000000019379a000 	/System/Library/PrivateFrameworks/CrashReporterSupport.framework/Versions/A/CrashReporterSupport
0x0000000184e4d000 	/System/Library/PrivateFrameworks/Lexicon.framework/Versions/A/Lexicon
0x000000024103c000 	/System/Library/PrivateFrameworks/IO80211.framework/Versions/A/IO80211
0x000000019b7ad000 	/System/Library/PrivateFrameworks/FrontBoardServices.framework/Versions/A/FrontBoardServices
0x00000001912ea000 	/System/Library/Frameworks/SecurityFoundation.framework/Versions/A/SecurityFoundation
0x000000019144c000 	/usr/lib/libgermantok.dylib
0x00000001904d5000 	/System/Library/PrivateFrameworks/LinguisticData.framework/Versions/A/LinguisticData
0x000000019b87a000 	/System/Library/PrivateFrameworks/BoardServices.framework/Versions/A/BoardServices
0x00000001912db000 	/System/Library/PrivateFrameworks/AssertionServices.framework/Versions/A/AssertionServices
0x000000019d4ca000 	/System/Library/PrivateFrameworks/BackBoardServices.framework/Versions/A/BackBoardServices
0x0000000193f4e000 	/System/Library/PrivateFrameworks/AppleJPEG.framework/Versions/A/AppleJPEG
0x00000001939ef000 	/usr/lib/libexpat.1.dylib
0x000000019457a000 	/System/Library/Frameworks/ImageIO.framework/Versions/A/Resources/libPng.dylib
0x00000001945a5000 	/System/Library/Frameworks/ImageIO.framework/Versions/A/Resources/libTIFF.dylib
0x000000019468f000 	/System/Library/Frameworks/ImageIO.framework/Versions/A/Resources/libGIF.dylib
0x0000000193f94000 	/System/Library/Frameworks/ImageIO.framework/Versions/A/Resources/libJP2.dylib
0x0000000193700000 	/usr/lib/libate.dylib
0x0000000194636000 	/System/Library/Frameworks/ImageIO.framework/Versions/A/Resources/libJPEG.dylib
0x000000019462d000 	/System/Library/Frameworks/ImageIO.framework/Versions/A/Resources/libRadiance.dylib
0x000000018cacb000 	/System/Library/Frameworks/Accelerate.framework/Versions/A/Frameworks/vImage.framework/Versions/A/vImage
0x00000001999f7000 	/System/Library/Frameworks/Accelerate.framework/Versions/A/Frameworks/vecLib.framework/Versions/A/vecLib
0x0000000193686000 	/System/Library/Frameworks/Accelerate.framework/Versions/A/Frameworks/vecLib.framework/Versions/A/libvMisc.dylib
0x00000001847b9000 	/System/Library/Frameworks/Accelerate.framework/Versions/A/Frameworks/vecLib.framework/Versions/A/libBLAS.dylib
0x00000001e426a000 	/System/Library/Frameworks/OpenGL.framework/Versions/A/OpenGL
0x000000023cdd0000 	/System/Library/PrivateFrameworks/GPUCompiler.framework/Versions/32023/Libraries/libllvm-flatbuffers.dylib
0x00000002381cc000 	/System/Library/PrivateFrameworks/FramePacing.framework/Versions/A/FramePacing
0x00000001e425c000 	/System/Library/Frameworks/OpenGL.framework/Versions/A/Libraries/libCoreFSCache.dylib
0x0000000238d41000 	/System/Library/PrivateFrameworks/GPUCompiler.framework/Versions/32023/Libraries/libGPUCompilerUtils.dylib
0x00000001e42ba000 	/System/Library/Frameworks/OpenGL.framework/Versions/A/Libraries/libGLU.dylib
0x00000001e427e000 	/System/Library/Frameworks/OpenGL.framework/Versions/A/Libraries/libGFXShared.dylib
0x00000001e4446000 	/System/Library/Frameworks/OpenGL.framework/Versions/A/Libraries/libGL.dylib
0x00000001e4287000 	/System/Library/Frameworks/OpenGL.framework/Versions/A/Libraries/libGLImage.dylib
0x00000001e427b000 	/System/Library/Frameworks/OpenGL.framework/Versions/A/Libraries/libCVMSPluginSupport.dylib
0x00000001e4264000 	/System/Library/Frameworks/OpenGL.framework/Versions/A/Libraries/libCoreVMClient.dylib
0x000000018ff38000 	/System/Library/Frameworks/CoreImage.framework/Versions/A/CoreImage
0x000000019f2da000 	/System/Library/PrivateFrameworks/ASEProcessing.framework/Versions/A/ASEProcessing
0x0000000250207000 	/System/Library/PrivateFrameworks/PhotosensitivityProcessing.framework/Versions/A/PhotosensitivityProcessing
0x0000000193bc7000 	/System/Library/PrivateFrameworks/GraphVisualizer.framework/Versions/A/GraphVisualizer
0x000000019107b000 	/System/Library/PrivateFrameworks/CoreEmoji.framework/Versions/A/CoreEmoji
0x0000000238101000 	/System/Library/PrivateFrameworks/FontServices.framework/Versions/A/FontServices
0x0000000193bd3000 	/System/Library/PrivateFrameworks/OTSVG.framework/Versions/A/OTSVG
0x000000018d2af000 	/System/Library/Frameworks/ApplicationServices.framework/Versions/A/Frameworks/ATS.framework/Versions/A/Resources/libFontRegistry.dylib
0x00000001912be000 	/System/Library/PrivateFrameworks/MobileKeyBag.framework/Versions/A/MobileKeyBag
0x00000001903af000 	/System/Library/PrivateFrameworks/AggregateDictionary.framework/Versions/A/AggregateDictionary
0x000000026b8b5000 	/usr/lib/libhvf.dylib
0x000000024cfa0000 	/System/Library/PrivateFrameworks/ParsingInternal.framework/Versions/A/ParsingInternal
0x000000026c4fd000 	/usr/lib/swift/libswiftRegexBuilder.dylib
0x000000026c685000 	/usr/lib/swift/libswift_RegexParser.dylib
0x0000000238102000 	/System/Library/PrivateFrameworks/FontServices.framework/libXTFontStaticRegistryData.dylib
0x00000001902f3000 	/System/Library/Frameworks/MetalPerformanceShaders.framework/Versions/A/Frameworks/MPSCore.framework/Versions/A/MPSCore
0x0000000191a1b000 	/System/Library/Frameworks/MetalPerformanceShaders.framework/Versions/A/Frameworks/MPSImage.framework/Versions/A/MPSImage
0x0000000191464000 	/System/Library/Frameworks/MetalPerformanceShaders.framework/Versions/A/Frameworks/MPSNeuralNetwork.framework/Versions/A/MPSNeuralNetwork
0x000000019189b000 	/System/Library/Frameworks/MetalPerformanceShaders.framework/Versions/A/Frameworks/MPSMatrix.framework/Versions/A/MPSMatrix
0x00000001916b0000 	/System/Library/Frameworks/MetalPerformanceShaders.framework/Versions/A/Frameworks/MPSRayIntersector.framework/Versions/A/MPSRayIntersector
0x00000001918cd000 	/System/Library/Frameworks/MetalPerformanceShaders.framework/Versions/A/Frameworks/MPSNDArray.framework/Versions/A/MPSNDArray
0x00000001e7b5c000 	/System/Library/Frameworks/MetalPerformanceShaders.framework/Versions/A/Frameworks/MPSFunctions.framework/Versions/A/MPSFunctions
0x00000001e7b3e000 	/System/Library/Frameworks/MetalPerformanceShaders.framework/Versions/A/Frameworks/MPSBenchmarkLoop.framework/Versions/A/MPSBenchmarkLoop
0x0000000184634000 	/System/Library/PrivateFrameworks/MetalTools.framework/Versions/A/MetalTools
0x00000001b1964000 	/System/Library/PrivateFrameworks/IOAccelMemoryInfo.framework/Versions/A/IOAccelMemoryInfo
0x00000001bf060000 	/System/Library/PrivateFrameworks/kperf.framework/Versions/A/kperf
0x00000001acce2000 	/System/Library/PrivateFrameworks/GPURawCounter.framework/Versions/A/GPURawCounter
0x0000000190f89000 	/System/Library/Frameworks/Accelerate.framework/Versions/A/Frameworks/vecLib.framework/Versions/A/libvDSP.dylib
0x00000001922f3000 	/System/Library/Frameworks/Accelerate.framework/Versions/A/Frameworks/vecLib.framework/Versions/A/libLAPACK.dylib
0x000000019144f000 	/System/Library/Frameworks/Accelerate.framework/Versions/A/Frameworks/vecLib.framework/Versions/A/libLinearAlgebra.dylib
0x00000001921ee000 	/System/Library/Frameworks/Accelerate.framework/Versions/A/Frameworks/vecLib.framework/Versions/A/libSparseBLAS.dylib
0x00000001922ee000 	/System/Library/Frameworks/Accelerate.framework/Versions/A/Frameworks/vecLib.framework/Versions/A/libQuadrature.dylib
0x00000001904dc000 	/System/Library/Frameworks/Accelerate.framework/Versions/A/Frameworks/vecLib.framework/Versions/A/libBNNS.dylib
0x0000000184f5a000 	/System/Library/Frameworks/Accelerate.framework/Versions/A/Frameworks/vecLib.framework/Versions/A/libSparse.dylib
0x00000002460eb000 	/System/Library/PrivateFrameworks/MIL.framework/Versions/A/MIL
0x000000019b927000 	/System/Library/PrivateFrameworks/GraphicsServices.framework/Versions/A/GraphicsServices
0x000000019202b000 	/usr/lib/libiconv.2.dylib
0x0000000191f86000 	/usr/lib/libcharset.1.dylib
0x000000019113f000 	/System/Library/PrivateFrameworks/CoreUtils.framework/Versions/A/CoreUtils
0x00000001e5e8b000 	/System/Library/Frameworks/ExtensionFoundation.framework/Versions/A/ExtensionFoundation
0x00000001acce6000 	/usr/lib/swift/libswiftCoreAudio.dylib
0x000000023591a000 	/System/Library/PrivateFrameworks/CoreUtilsExtras.framework/Versions/A/CoreUtilsExtras
0x00000001938ee000 	/System/Library/PrivateFrameworks/PlugInKit.framework/Versions/A/PlugInKit
0x000000018d595000 	/System/Library/Frameworks/OpenDirectory.framework/Versions/A/OpenDirectory
0x000000018d5a3000 	/System/Library/Frameworks/OpenDirectory.framework/Versions/A/Frameworks/CFOpenDirectory.framework/Versions/A/CFOpenDirectory
0x0000000186a90000 	/System/Library/Frameworks/CoreAudio.framework/Versions/A/CoreAudio
0x0000000193c14000 	/System/Library/PrivateFrameworks/AppServerSupport.framework/Versions/A/AppServerSupport
0x00000001961e7000 	/System/Library/PrivateFrameworks/perfdata.framework/Versions/A/perfdata
0x00000001864b9000 	/System/Library/PrivateFrameworks/AudioToolboxCore.framework/Versions/A/AudioToolboxCore
0x000000018f405000 	/System/Library/PrivateFrameworks/caulk.framework/Versions/A/caulk
0x0000000195da4000 	/usr/lib/libAudioStatistics.dylib
0x00000001abe9a000 	/System/Library/PrivateFrameworks/SystemPolicy.framework/Versions/A/SystemPolicy
0x0000000196088000 	/usr/lib/libSMC.dylib
0x00000001a03e4000 	/System/Library/Frameworks/CoreMIDI.framework/Versions/A/CoreMIDI
0x0000000194544000 	/usr/lib/libAudioToolboxUtility.dylib
0x00000001961f5000 	/usr/lib/libperfcheck.dylib
0x000000022e7af000 	/System/Library/PrivateFrameworks/AudioAnalytics.framework/Versions/A/AudioAnalytics
0x00000001d7a18000 	/System/Library/PrivateFrameworks/FeatureFlags.framework/Versions/A/FeatureFlags
0x00000001d04a9000 	/System/Library/Frameworks/OSLog.framework/Versions/A/OSLog
0x00000001accad000 	/usr/lib/libmis.dylib
0x000000018b057000 	/System/Library/Frameworks/CoreData.framework/Versions/A/CoreData
0x0000000193a0a000 	/usr/lib/libheimdal-asn1.dylib
0x000000026b533000 	/usr/lib/libTLE.dylib
0x000000019d690000 	/System/Library/PrivateFrameworks/DiskImages.framework/Versions/A/DiskImages
0x00000001a9b99000 	/System/Library/Frameworks/NetFS.framework/Versions/A/NetFS
0x0000000193a61000 	/System/Library/PrivateFrameworks/IconServices.framework/Versions/A/IconServices
0x00000001e57b6000 	/System/Library/Frameworks/CoreTransferable.framework/Versions/A/CoreTransferable
0x0000000193a14000 	/System/Library/PrivateFrameworks/IconFoundation.framework/Versions/A/IconFoundation
0x000000018d301000 	/System/Library/PrivateFrameworks/CoreUI.framework/Versions/A/CoreUI
0x000000019471b000 	/System/Library/PrivateFrameworks/TextureIO.framework/Versions/A/TextureIO
0x000000018fb7e000 	/System/Library/PrivateFrameworks/CoreSVG.framework/Versions/A/CoreSVG
0x00000001c32d5000 	/usr/lib/swift/libswiftAccelerate.dylib
0x0000000195b9b000 	/System/Library/Frameworks/AudioToolbox.framework/Versions/A/AudioToolbox
0x0000000195d46000 	/System/Library/PrivateFrameworks/AudioSession.framework/Versions/A/AudioSession
0x0000000193af4000 	/System/Library/PrivateFrameworks/MediaExperience.framework/Versions/A/MediaExperience
0x0000000195b54000 	/System/Library/PrivateFrameworks/AudioSession.framework/libSessionUtility.dylib
0x0000000194695000 	/System/Library/PrivateFrameworks/CMCaptureCore.framework/Versions/A/CMCaptureCore
0x0000000193c1e000 	/usr/lib/libspindump.dylib
0x000000019bdb8000 	/System/Library/PrivateFrameworks/CoreTime.framework/Versions/A/CoreTime
0x00000001a668a000 	/usr/lib/libAccessibility.dylib
0x0000000199d18000 	/System/Library/Frameworks/MediaAccessibility.framework/Versions/A/MediaAccessibility
0x00000002622c5000 	/System/Library/PrivateFrameworks/VideoToolboxParavirtualizationSupport.framework/Versions/A/VideoToolboxParavirtualizationSupport
0x00000001939a6000 	/System/Library/PrivateFrameworks/AppleVA.framework/Versions/A/AppleVA
0x000000019a8df000 	/System/Library/Frameworks/CoreBluetooth.framework/Versions/A/CoreBluetooth
0x00000001963d9000 	/System/Library/PrivateFrameworks/CorePhoneNumbers.framework/Versions/A/CorePhoneNumbers
0x00000001e47e2000 	/System/Library/Frameworks/AVFAudio.framework/Versions/A/AVFAudio
0x0000000193791000 	/usr/lib/libIOReport.dylib
0x000000022e3bf000 	/System/Library/PrivateFrameworks/AppleMobileFileIntegrity.framework/Versions/A/AppleMobileFileIntegrity
0x00000001e12b8000 	/System/Library/PrivateFrameworks/ConfigProfileHelper.framework/Versions/A/ConfigProfileHelper
0x00000001913ec000 	/usr/lib/libmecab.dylib
0x0000000244974000 	/System/Library/PrivateFrameworks/IsolatedCoreAudioClient.framework/Versions/A/IsolatedCoreAudioClient
0x000000019767f000 	/System/Library/Frameworks/IOBluetooth.framework/Versions/A/IOBluetooth
0x000000025ea83000 	/System/Library/PrivateFrameworks/Tightbeam.framework/Versions/A/Tightbeam
0x0000000232967000 	/System/Library/PrivateFrameworks/CoreAudioOrchestration.framework/Versions/A/CoreAudioOrchestration
0x00000001c3998000 	/System/Library/PrivateFrameworks/AFKUser.framework/Versions/A/AFKUser
0x000000019e0ef000 	/System/Library/Frameworks/AudioUnit.framework/Versions/A/AudioUnit
0x0000000194628000 	/System/Library/PrivateFrameworks/GPUWrangler.framework/Versions/A/GPUWrangler
0x0000000194608000 	/System/Library/PrivateFrameworks/IOPresentment.framework/Versions/A/IOPresentment
0x0000000194630000 	/System/Library/PrivateFrameworks/DSExternalDisplay.framework/Versions/A/DSExternalDisplay
0x00000001850ea000 	/usr/lib/libCRFSuite.dylib
0x00000001903b8000 	/System/Library/PrivateFrameworks/CoreNLP.framework/Versions/A/CoreNLP
0x00000001921a6000 	/usr/lib/libThaiTokenizer.dylib
0x00000001acd61000 	/usr/lib/swift/libswiftCoreImage.dylib
0x000000019aac7000 	/System/Library/PrivateFrameworks/MediaKit.framework/Versions/A/MediaKit
0x000000019aa12000 	/System/Library/Frameworks/DiscRecording.framework/Versions/A/DiscRecording
0x0000000194ac3000 	/System/Library/PrivateFrameworks/DataDetectorsCore.framework/Versions/A/DataDetectorsCore
0x00000001b0664000 	/System/Library/PrivateFrameworks/TextInput.framework/Versions/A/TextInput
0x00000001891f8000 	/System/Library/PrivateFrameworks/UIFoundation.framework/Versions/A/UIFoundation
0x00000001961c8000 	/System/Library/PrivateFrameworks/NetAuth.framework/Versions/A/NetAuth
0x000000018d793000 	/System/Library/PrivateFrameworks/login.framework/Versions/A/Frameworks/loginsupport.framework/Versions/A/loginsupport
0x000000019d84e000 	/usr/lib/libcurl.4.dylib
0x000000026b767000 	/usr/lib/libcrypto.46.dylib
0x000000026c291000 	/usr/lib/libssl.48.dylib
0x000000019d526000 	/System/Library/Frameworks/LDAP.framework/Versions/A/LDAP
0x0000000196203000 	/System/Library/Frameworks/Kerberos.framework/Versions/A/Kerberos
0x000000019d562000 	/System/Library/PrivateFrameworks/TrustEvaluationAgent.framework/Versions/A/TrustEvaluationAgent
0x0000000195e86000 	/usr/lib/libsasl2.2.dylib
0x0000000195e69000 	/usr/lib/libresolv.9.dylib
0x0000000193c25000 	/System/Library/PrivateFrameworks/Heimdal.framework/Versions/A/Heimdal
0x000000019e0ee000 	/System/Library/Frameworks/Kerberos.framework/Versions/A/Libraries/libHeimdalProxy.dylib
0x0000000196266000 	/System/Library/PrivateFrameworks/CommonAuth.framework/Versions/A/CommonAuth
0x00000001913b6000 	/usr/lib/libCheckFix.dylib
0x000000018c9d6000 	/System/Library/PrivateFrameworks/MetadataUtilities.framework/Versions/A/MetadataUtilities
0x0000000241920000 	/System/Library/PrivateFrameworks/InstalledContentLibrary.framework/Versions/A/InstalledContentLibrary
0x0000000187bd6000 	/System/Library/PrivateFrameworks/CoreServicesStore.framework/Versions/A/CoreServicesStore
0x000000018d5fa000 	/usr/lib/libapp_launch_measurement.dylib
0x00000001bf16a000 	/System/Library/PrivateFrameworks/MobileSystemServices.framework/Versions/A/MobileSystemServices
0x0000000193652000 	/usr/lib/libxslt.1.dylib
0x00000001d08b0000 	/System/Library/PrivateFrameworks/HIDDisplay.framework/Versions/A/HIDDisplay
0x00000001a58a8000 	/System/Library/PrivateFrameworks/HID.framework/Versions/A/HID
0x0000000194661000 	/System/Library/Frameworks/ApplicationServices.framework/Versions/A/Frameworks/ATSUI.framework/Versions/A/ATSUI
0x0000000196169000 	/usr/lib/libcups.2.dylib
0x00000001a65ce000 	/System/Library/PrivateFrameworks/AXCoreUtilities.framework/Versions/A/AXCoreUtilities
0x00000001b5304000 	/System/Library/PrivateFrameworks/AttributeGraph.framework/Versions/A/AttributeGraph
0x000000026b171000 	/usr/lib/libAXSafeCategoryBundle.dylib
0x00000001a05b7000 	/System/Library/Frameworks/Cocoa.framework/Versions/A/Cocoa
0x0000000187d67000 	/System/Library/Frameworks/AppKit.framework/Versions/C/AppKit
0x0000000231e86000 	/System/Library/PrivateFrameworks/CollectionViewCore.framework/Versions/A/CollectionViewCore
0x000000018fb78000 	/System/Library/PrivateFrameworks/XCTTargetBootstrap.framework/Versions/A/XCTTargetBootstrap
0x0000000194b12000 	/System/Library/PrivateFrameworks/UserActivity.framework/Versions/A/UserActivity
0x0000000260810000 	/System/Library/PrivateFrameworks/UIIntelligenceSupport.framework/Versions/A/UIIntelligenceSupport
0x00000001ea8a9000 	/System/Library/Frameworks/SwiftUICore.framework/Versions/A/SwiftUICore
0x0000000265896000 	/System/Library/PrivateFrameworks/WritingTools.framework/Versions/A/WritingTools
0x00000002648da000 	/System/Library/PrivateFrameworks/WindowManagement.framework/Versions/A/WindowManagement
0x000000018fb63000 	/System/Library/PrivateFrameworks/DFRFoundation.framework/Versions/A/DFRFoundation
0x000000018f85c000 	/System/Library/Frameworks/Carbon.framework/Versions/A/Frameworks/HIToolbox.framework/Versions/A/HIToolbox
0x0000000199625000 	/System/Library/Frameworks/Carbon.framework/Versions/A/Frameworks/SpeechRecognition.framework/Versions/A/SpeechRecognition
0x00000001a4c08000 	/System/Library/PrivateFrameworks/RenderBox.framework/Versions/A/RenderBox
0x000000018d58b000 	/System/Library/PrivateFrameworks/PerformanceAnalysis.framework/Versions/A/PerformanceAnalysis
0x000000019999d000 	/System/Library/Frameworks/Accessibility.framework/Versions/A/Accessibility
0x00000001e5d3b000 	/System/Library/Frameworks/DataDetection.framework/Versions/A/DataDetection
0x00000001e5d3e000 	/System/Library/Frameworks/DeveloperToolsSupport.framework/Versions/A/DeveloperToolsSupport
0x00000001eb46c000 	/System/Library/Frameworks/Symbols.framework/Versions/A/Symbols
0x000000026c4b3000 	/usr/lib/swift/libswiftDataDetection.dylib
0x00000001aa06f000 	/usr/lib/swift/libswiftCoreGraphics.dylib
0x000000019a347000 	/usr/lib/swift/libswiftFoundation.dylib
0x00000001e0d42000 	/usr/lib/swift/libswiftSwiftOnoneSupport.dylib
0x00000001ccb5c000 	/System/Library/PrivateFrameworks/CoreMaterial.framework/Versions/A/CoreMaterial
0x0000000252b2a000 	/System/Library/PrivateFrameworks/SFSymbols.framework/Versions/A/SFSymbols
0x0000000199612000 	/System/Library/PrivateFrameworks/SpeechRecognitionCore.framework/Versions/A/SpeechRecognitionCore
0x0000000106a98000 	/Users/walid/.vaadin/jdk/jbrsdk-25-osx-aarch64-b176.4/Contents/Home/lib/server/libjvm.dylib
0x0000000100f38000 	/Users/walid/.vaadin/jdk/jbrsdk-25-osx-aarch64-b176.4/Contents/Home/lib/libjimage.dylib
0x0000000100f98000 	/Users/walid/.vaadin/jdk/jbrsdk-25-osx-aarch64-b176.4/Contents/Home/lib/libjdwp.dylib
0x0000000100f64000 	/Users/walid/.vaadin/jdk/jbrsdk-25-osx-aarch64-b176.4/Contents/Home/lib/libinstrument.dylib
0x0000000101014000 	/Users/walid/.vaadin/jdk/jbrsdk-25-osx-aarch64-b176.4/Contents/Home/lib/libjava.dylib
0x0000000101548000 	/Users/walid/.vaadin/jdk/jbrsdk-25-osx-aarch64-b176.4/Contents/Home/lib/libzip.dylib
0x000000026b163000 	/usr/lib/i18n/libiconv_std.dylib
0x000000026b159000 	/usr/lib/i18n/libUTF8.dylib
0x000000026b168000 	/usr/lib/i18n/libmapper_none.dylib
0x0000000101520000 	/Users/walid/.vaadin/jdk/jbrsdk-25-osx-aarch64-b176.4/Contents/Home/lib/libdt_socket.dylib
0x0000000101590000 	/Users/walid/.vaadin/jdk/jbrsdk-25-osx-aarch64-b176.4/Contents/Home/lib/libnio.dylib
0x0000000101570000 	/Users/walid/.vaadin/jdk/jbrsdk-25-osx-aarch64-b176.4/Contents/Home/lib/libnet.dylib
0x0000000101534000 	/Users/walid/.vaadin/jdk/jbrsdk-25-osx-aarch64-b176.4/Contents/Home/lib/libmanagement.dylib
0x00000001015b0000 	/Users/walid/.vaadin/jdk/jbrsdk-25-osx-aarch64-b176.4/Contents/Home/lib/libmanagement_ext.dylib
0x00000001015c4000 	/Users/walid/.vaadin/jdk/jbrsdk-25-osx-aarch64-b176.4/Contents/Home/lib/libverify.dylib
0x00000001015e0000 	/Users/walid/.vaadin/jdk/jbrsdk-25-osx-aarch64-b176.4/Contents/Home/lib/libextnet.dylib
0x0000000106a28000 	/Users/walid/Library/Caches/JNA/temp/jna3748933678043729341.tmp
0x00000001ab8bd000 	/System/Library/Frameworks/Carbon.framework/Versions/A/Carbon
0x00000001a28f3000 	/System/Library/Frameworks/Carbon.framework/Versions/A/Frameworks/CommonPanels.framework/Versions/A/CommonPanels
0x000000019d839000 	/System/Library/Frameworks/Carbon.framework/Versions/A/Frameworks/Help.framework/Versions/A/Help
0x00000001a28f7000 	/System/Library/Frameworks/Carbon.framework/Versions/A/Frameworks/ImageCapture.framework/Versions/A/ImageCapture
0x00000001a28d3000 	/System/Library/Frameworks/Carbon.framework/Versions/A/Frameworks/OpenScripting.framework/Versions/A/OpenScripting
0x00000001a28f2000 	/System/Library/Frameworks/Carbon.framework/Versions/A/Frameworks/Ink.framework/Versions/A/Ink
0x00000001a28ef000 	/System/Library/Frameworks/Carbon.framework/Versions/A/Frameworks/SecurityHI.framework/Versions/A/SecurityHI
0x00000001015f4000 	/Users/walid/.vaadin/jdk/jbrsdk-25-osx-aarch64-b176.4/Contents/Home/lib/libsyslookup.dylib
0x000000016a014000 	/private/var/folders/3p/624snhvj3hg2tnb2g89vjhg40000gn/T/libcom_vaadin_copilot_shaded_netty_quiche42_osx_aarch_643322105989114299513.dylib
0x0000000106a14000 	/private/var/folders/3p/624snhvj3hg2tnb2g89vjhg40000gn/T/libcom_vaadin_copilot_shaded_netty_resolver_dns_native_macos_aarch_6410574829460970982950.dylib

JVMTI agents:
jdwp path:none, loaded, initialized, options:transport=dt_socket,server=n,suspend=y,address=localhost:49804
/Users/walid/.vaadin/vscode-plugin/hotswap-agent.jar path:none, loaded, initialized, instrumentlib options:none


VM Arguments:
jvm_args: -agentlib:jdwp=transport=dt_socket,server=n,suspend=y,address=localhost:49804 --add-opens=java.base/sun.nio.ch=ALL-UNNAMED --add-opens=java.base/java.lang=ALL-UNNAMED --add-opens=java.base/java.lang.reflect=ALL-UNNAMED --add-opens=java.base/java.io=ALL-UNNAMED --add-opens=java.base/sun.security.action=ALL-UNNAMED --add-opens=java.desktop/java.beans=ALL-UNNAMED --add-opens=java.desktop/com.sun.beans=ALL-UNNAMED --add-opens=java.desktop/com.sun.beans.introspect=ALL-UNNAMED --add-opens=java.desktop/com.sun.beans.util=ALL-UNNAMED --add-opens=java.base/jdk.internal.loader=ALL-UNNAMED -XX:+AllowEnhancedClassRedefinition -XX:+ClassUnloading -javaagent:/Users/walid/.vaadin/vscode-plugin/hotswap-agent.jar -XX:+ShowCodeDetailsInExceptionMessages 
java_command: com.example.Application
java_class_path (initial): /Users/walid/Desktop/P2_Projekt GITHUB/P2-Projekt/target/classes:/Users/walid/.m2/repository/com/vaadin/vaadin/25.0.6/vaadin-25.0.6.jar:/Users/walid/.m2/repository/com/vaadin/vaadin-internal/25.0.6/vaadin-internal-25.0.6.jar:/Users/walid/.m2/repository/com/vaadin/vaadin-core-internal/25.0.6/vaadin-core-internal-25.0.6.jar:/Users/walid/.m2/repository/com/vaadin/flow-lit-template/25.0.7/flow-lit-template-25.0.7.jar:/Users/walid/.m2/repository/com/vaadin/flow-react/25.0.7/flow-react-25.0.7.jar:/Users/walid/.m2/repository/com/vaadin/flow-html-components/25.0.7/flow-html-components-25.0.7.jar:/Users/walid/.m2/repository/com/vaadin/flow-data/25.0.7/flow-data-25.0.7.jar:/Users/walid/.m2/repository/com/vaadin/flow-dnd/25.0.7/flow-dnd-25.0.7.jar:/Users/walid/.m2/repository/com/vaadin/vaadin-lumo-theme/25.0.6/vaadin-lumo-theme-25.0.6.jar:/Users/walid/.m2/repository/com/vaadin/vaadin-icons-flow/25.0.6/vaadin-icons-flow-25.0.6.jar:/Users/walid/.m2/repository/com/vaadin/vaadin-aura-theme/25.0.6/vaadin-aura-theme-25.0.6.jar:/Users/walid/.m2/repository/com/vaadin/vaadin-core-components/25.0.6/vaadin-core-components-25.0.6.jar:/Users/walid/.m2/repository/com/vaadin/vaadin-accordion-flow/25.0.6/vaadin-accordion-flow-25.0.6.jar:/Users/walid/.m2/repository/com/vaadin/vaadin-avatar-flow/25.0.6/vaadin-avatar-flow-25.0.6.jar:/Users/walid/.m2/repository/com/vaadin/vaadin-card-flow/25.0.6/vaadin-card-flow-25.0.6.jar:/Users/walid/.m2/repository/com/vaadin/vaadin-checkbox-flow/25.0.6/vaadin-checkbox-flow-25.0.6.jar:/Users/walid/.m2/repository/com/vaadin/vaadin-combo-box-flow/25.0.6/vaadin-combo-box-flow-25.0.6.jar:/Users/walid/.m2/repository/com/vaadin/vaadin-confirm-dialog-flow/25.0.6/vaadin-confirm-dialog-flow-25.0.6.jar:/Users/walid/.m2/repository/com/vaadin/vaadin-custom-field-flow/25.0.6/vaadin-custom-field-flow-25.0.6.jar:/Users/walid/.m2/repository/com/vaadin/vaadin-date-picker-flow/25.0.6/vaadin-date-picker-flow-25.0.6.jar:/Users/walid/.m2/repository/com/vaadin/vaadin-date-time-picker-flow/25.0.6/vaadin-date-time-picker-flow-25.0.6.jar:/Users/walid/.m2/repository/com/vaadin/vaadin-details-flow/25.0.6/vaadin-details-flow-25.0.6.jar:/Users/walid/.m2/repository/com/vaadin/vaadin-time-picker-flow/25.0.6/vaadin-time-picker-flow-25.0.6.jar:/Users/walid/.m2/repository/com/vaadin/vaadin-select-flow/25.0.6/vaadin-select-flow-25.0.6.jar:/Users/walid/.m2/repository/com/vaadin/vaadin-side-nav-flow/25.0.6/vaadin-side-nav-flow-25.0.6.jar:/Users/walid/.m2/repository/com/vaadin/vaadin-dialog-flow/25.0.6/vaadin-dialog-flow-25.0.6.jar:/Users/walid/.m2/repository/com/vaadin/vaadin-form-layout-flow/25.0.6/vaadin-form-layout-flow-25.0.6.jar:/Users/walid/.m2/repository/com/vaadin/vaadin-field-highlighter-flow/25.0.6/vaadin-field-highlighter-flow-25.0.6.jar:/Users/walid/.m2/repository/com/vaadin/vaadin-virtual-list-flow/25.0.6/vaadin-virtual-list-flow-25.0.6.jar:/Users/walid/.m2/repository/com/vaadin/vaadin-list-box-flow/25.0.6/vaadin-list-box-flow-25.0.6.jar:/Users/walid/.m2/repository/com/vaadin/vaadin-login-flow/25.0.6/vaadin-login-flow-25.0.6.jar:/Users/walid/.m2/repository/com/vaadin/vaadin-markdown-flow/25.0.6/vaadin-markdown-flow-25.0.6.jar:/Users/walid/.m2/repository/com/vaadin/vaadin-master-detail-layout-flow/25.0.6/vaadin-master-detail-layout-flow-25.0.6.jar:/Users/walid/.m2/repository/com/vaadin/vaadin-messages-flow/25.0.6/vaadin-messages-flow-25.0.6.jar:/Users/walid/.m2/repository/com/vaadin/vaadin-ordered-layout-flow/25.0.6/vaadin-ordered-layout-flow-25.0.6.jar:/Users/walid/.m2/repository/com/vaadin/vaadin-progress-bar-flow/25.0.6/vaadin-progress-bar-flow-25.0.6.jar:/Users/walid/.m2/repository/com/vaadin/vaadin-popover-flow/25.0.6/vaadin-popover-flow-25.0.6.jar:/Users/walid/.m2/repository/com/vaadin/vaadin-radio-button-flow/25.0.6/vaadin-radio-button-flow-25.0.6.jar:/Users/walid/.m2/repository/com/vaadin/vaadin-split-layout-flow/25.0.6/vaadin-split-layout-flow-25.0.6.jar:/Users/walid/.m2/repository/com/vaadin/vaadin-tabs-flow/25.0.6/vaadin-tabs-flow-25.0.6.jar:/Users/walid/.m2/repository/com/vaadin/vaadin-upload-flow/25.0.6/vaadin-upload-flow-25.0.6.jar:/Users/walid/.m2/repository/com/vaadin/vaadin-notification-flow/25.0.6/vaadin-notification-flow-25.0.6.jar:/Users/walid/.m2/repository/com/vaadin/vaadin-app-layout-flow/25.0.6/vaadin-app-layout-flow-25.0.6.jar:/Users/walid/.m2/repository/com/vaadin/vaadin-context-menu-flow/25.0.6/vaadin-context-menu-flow-25.0.6.jar:/Users/walid/.m2/repository/com/vaadin/vaadin-menu-bar-flow/25.0.6/vaadin-menu-bar-flow-25.0.6.jar:/Users/walid/.m2/repository/com/vaadin/collaboration-engine/7.0.0/collaboration-engine-7.0.0.jar:/Users/walid/.m2/repository/com/vaadin/vaadin-board-flow/25.0.6/vaadin-board-flow-25.0.6.jar:/Users/walid/.m2/repository/com/vaadin/vaadin-charts-flow/25.0.6/vaadin-charts-flow-25.0.6.jar:/Users/walid/.m2/repository/com/vaadin/vaadin-crud-flow/25.0.6/vaadin-crud-flow-25.0.6.jar:/Users/walid/.m2/repository/com/vaadin/vaadin-button-flow/25.0.6/vaadin-button-flow-25.0.6.jar:/Users/walid/.m2/repository/com/vaadin/vaadin-flow-components-base/25.0.6/vaadin-flow-components-base-25.0.6.jar:/Users/walid/.m2/repository/com/vaadin/vaadin-grid-flow/25.0.6/vaadin-grid-flow-25.0.6.jar:/Users/walid/.m2/repository/com/vaadin/vaadin-renderer-flow/25.0.6/vaadin-renderer-flow-25.0.6.jar:/Users/walid/.m2/repository/com/vaadin/vaadin-text-field-flow/25.0.6/vaadin-text-field-flow-25.0.6.jar:/Users/walid/.m2/repository/com/vaadin/vaadin-dashboard-flow/25.0.6/vaadin-dashboard-flow-25.0.6.jar:/Users/walid/.m2/repository/com/vaadin/vaadin-grid-pro-flow/25.0.6/vaadin-grid-pro-flow-25.0.6.jar:/Users/walid/.m2/repository/com/vaadin/vaadin-map-flow/25.0.6/vaadin-map-flow-25.0.6.jar:/Users/walid/.m2/repository/com/vaadin/vaadin-rich-text-editor-flow/25.0.6/vaadin-rich-text-editor-flow-25.0.6.jar:/Users/walid/.m2/repository/com/vaadin/vaadin-core/25.0.6/vaadin-core-25.0.6.jar:/Users/walid/.m2/repository/com/vaadin/vaadin-dev/25.0.6/vaadin-dev-25.0.6.jar:/Users/walid/.m2/repository/com/vaadin/vaadin-dev-server/25.0.7/vaadin-dev-server-25.0.7.jar:/Users/walid/.m2/repository/com/vaadin/flow-server/25.0.7/flow-server-25.0.7.jar:/Users/walid/.m2/repository/com/vaadin/signals/25.0.7/signals-25.0.7.jar:/Users/walid/.m2/repository/tools/jackson/core/jackson-core/3.0.4/jackson-core-3.0.4.jar:/Users/walid/.m2/repository/tools/jackson/core/jackson-databind/3.0.4/jackson-databind-3.0.4.jar:/Users/walid/.m2/repository/com/fasterxml/jackson/core/jackson-annotations/2.20/jackson-annotations-2.20.jar:/Users/walid/.m2/repository/org/jsoup/jsoup/1.21.2/jsoup-1.21.2.jar:/Users/walid/.m2/repository/org/ow2/asm/asm/9.9.1/asm-9.9.1.jar:/Users/walid/.m2/repository/com/vaadin/external/gentyref/1.2.0.vaadin1/gentyref-1.2.0.vaadin1.jar:/Users/walid/.m2/repository/com/vaadin/flow-build-tools/25.0.7/flow-build-tools-25.0.7-shaded.jar:/Users/walid/.m2/repository/com/vaadin/license-checker/3.0.1/license-checker-3.0.1.jar:/Users/walid/.m2/repository/com/nimbusds/nimbus-jose-jwt/10.3.1/nimbus-jose-jwt-10.3.1.jar:/Users/walid/.m2/repository/com/vaadin/open/8.5.0.5/open-8.5.0.5.jar:/Users/walid/.m2/repository/com/github/javaparser/javaparser-core/3.28.0/javaparser-core-3.28.0.jar:/Users/walid/.m2/repository/io/methvin/directory-watcher/0.19.1/directory-watcher-0.19.1.jar:/Users/walid/.m2/repository/net/java/dev/jna/jna/5.18.1/jna-5.18.1.jar:/Users/walid/.m2/repository/com/vaadin/vaadin-dev-bundle/25.0.6/vaadin-dev-bundle-25.0.6.jar:/Users/walid/.m2/repository/com/vaadin/copilot/25.0.6/copilot-25.0.6.jar:/Users/walid/.m2/repository/com/vaadin/ui-tests/1.1.6/ui-tests-1.1.6.jar:/Users/walid/.m2/repository/com/vaadin/vaadin-spring-boot-starter/25.0.6/vaadin-spring-boot-starter-25.0.6.jar:/Users/walid/.m2/repository/com/vaadin/vaadin-spring/25.0.7/vaadin-spring-25.0.7.jar:/Users/walid/.m2/repository/com/vaadin/flow-push/25.0.7/flow-push-25.0.7.jar:/Users/walid/.m2/repository/com/vaadin/external/atmosphere/atmosphere-runtime/3.0.5.slf4jvaadin1/atmosphere-runtime-3.0.5.slf4jvaadin1.jar:/Users/walid/.m2/repository/com/vaadin/flow-client/25.0.7/flow-client-25.0.7.jar:/Users/walid/.m2/repository/org/springframework/spring-webmvc/7.0.6/spring-webmvc-7.0.6.jar:/Users/walid/.m2/repository/org/springframework/spring-aop/7.0.6/spring-aop-7.0.6.jar:/Users/walid/.m2/repository/org/springframework/spring-beans/7.0.6/spring-beans-7.0.6.jar:/Users/walid/.m2/repository/org/springframework/spring-context/7.0.6/spring-context-7.0.6.jar:/Users/walid/.m2/repository/io/micrometer/micrometer-observation/1.16.4/micrometer-observation-1.16.4.jar:/Users/walid/.m2/repository/io/micrometer/micrometer-commons/1.16.4/micrometer-commons-1.16.4.jar:/Users/walid/.m2/repository/org/springframework/spring-expression/7.0.6/spring-expression-7.0.6.jar:/Users/walid/.m2/repository/org/springframework/spring-web/7.0.6/spring-web-7.0.6.jar:/Users/walid/.m2/repository/org/springframework/spring-websocket/7.0.6/spring-websocket-7.0.6.jar:/Users/walid/.m2/repository/org/hibernate/validator/hibernate-validator/9.0.1.Final/hibernate-validator-9.0.1.Final.jar:/Users/walid/.m2/repository/jakarta/validation/jakarta.validation-api/3.1.1/jakarta.validation-api-3.1.1.jar:/Users/walid/.m2/repository/org/jboss/logging/jboss-logging/3.6.3.Final/jboss-logging-3.6.3.Final.jar:/Users/walid/.m2/repository/com/fasterxml/classmate/1.7.3/classmate-1.7.3.jar:/Users/walid/.m2/repository/org/springframework/boot/spring-boot-starter-webmvc/4.0.5/spring-boot-starter-webmvc-4.0.5.jar:/Users/walid/.m2/repository/org/springframework/boot/spring-boot-starter-jackson/4.0.5/spring-boot-starter-jackson-4.0.5.jar:/Users/walid/.m2/repository/org/springframework/boot/spring-boot-jackson/4.0.5/spring-boot-jackson-4.0.5.jar:/Users/walid/.m2/repository/org/springframework/boot/spring-boot-starter-tomcat/4.0.5/spring-boot-starter-tomcat-4.0.5.jar:/Users/walid/.m2/repository/org/springframework/boot/spring-boot-starter-tomcat-runtime/4.0.5/spring-boot-starter-tomcat-runtime-4.0.5.jar:/Users/walid/.m2/repository/org/springframework/boot/spring-boot-web-server/4.0.5/spring-boot-web-server-4.0.5.jar:/Users/walid/.m2/repository/org/apache/tomcat/embed/tomcat-embed-core/11.0.20/tomcat-embed-core-11.0.20.jar:/Users/walid/.m2/repository/org/apache/tomcat/embed/tomcat-embed-el/11.0.20/tomcat-embed-el-11.0.20.jar:/Users/walid/.m2/repository/org/apache/tomcat/embed/tomcat-embed-websocket/11.0.20/tomcat-embed-websocket-11.0.20.jar:/Users/walid/.m2/repository/org/springframework/boot/spring-boot-tomcat/4.0.5/spring-boot-tomcat-4.0.5.jar:/Users/walid/.m2/repository/org/springframework/boot/spring-boot-http-converter/4.0.5/spring-boot-http-converter-4.0.5.jar:/Users/walid/.m2/repository/org/springframework/boot/spring-boot-webmvc/4.0.5/spring-boot-webmvc-4.0.5.jar:/Users/walid/.m2/repository/org/springframework/boot/spring-boot-servlet/4.0.5/spring-boot-servlet-4.0.5.jar:/Users/walid/.m2/repository/org/springframework/boot/spring-boot-starter/4.0.5/spring-boot-starter-4.0.5.jar:/Users/walid/.m2/repository/org/springframework/boot/spring-boot-starter-logging/4.0.5/spring-boot-starter-logging-4.0.5.jar:/Users/walid/.m2/repository/ch/qos/logback/logback-classic/1.5.32/logback-classic-1.5.32.jar:/Users/walid/.m2/repository/ch/qos/logback/logback-core/1.5.32/logback-core-1.5.32.jar:/Users/walid/.m2/repository/org/apache/logging/log4j/log4j-to-slf4j/2.25.3/log4j-to-slf4j-2.25.3.jar:/Users/walid/.m2/repository/org/apache/logging/log4j/log4j-api/2.25.3/log4j-api-2.25.3.jar:/Users/walid/.m2/repository/org/slf4j/jul-to-slf4j/2.0.17/jul-to-slf4j-2.0.17.jar:/Users/walid/.m2/repository/org/springframework/boot/spring-boot-autoconfigure/4.0.5/spring-boot-autoconfigure-4.0.5.jar:/Users/walid/.m2/repository/jakarta/annotation/jakarta.annotation-api/3.0.0/jakarta.annotation-api-3.0.0.jar:/Users/walid/.m2/repository/org/yaml/snakeyaml/2.5/snakeyaml-2.5.jar:/Users/walid/.m2/repository/org/springframework/boot/spring-boot/4.0.5/spring-boot-4.0.5.jar:/Users/walid/.m2/repository/org/slf4j/slf4j-api/2.0.17/slf4j-api-2.0.17.jar:/Users/walid/.m2/repository/jakarta/xml/bind/jakarta.xml.bind-api/4.0.4/jakarta.xml.bind-api-4.0.4.jar:/Users/walid/.m2/repository/jakarta/activation/jakarta.activation-api/2.1.4/jakarta.activation-api-2.1.4.jar:/Users/walid/.m2/repository/net/bytebuddy/byte-buddy/1.17.8/byte-buddy-1.17.8.jar:/Users/walid/.m2/repository/org/springframework/spring-core/7.0.6/spring-core-7.0.6.jar:/Users/walid/.m2/repository/commons-logging/commons-logging/1.3.6/commons-logging-1.3.6.jar:/Users/walid/.m2/repository/org/jspecify/jspecify/1.0.0/jspecify-1.0.0.jar:/Users/walid/.m2/repository/org/springframework/boot/spring-boot-starter-data-jpa/4.0.5/spring-boot-starter-data-jpa-4.0.5.jar:/Users/walid/.m2/repository/org/springframework/boot/spring-boot-starter-jdbc/4.0.5/spring-boot-starter-jdbc-4.0.5.jar:/Users/walid/.m2/repository/com/zaxxer/HikariCP/7.0.2/HikariCP-7.0.2.jar:/Users/walid/.m2/repository/org/springframework/boot/spring-boot-data-jpa/4.0.5/spring-boot-data-jpa-4.0.5.jar:/Users/walid/.m2/repository/org/springframework/boot/spring-boot-data-commons/4.0.5/spring-boot-data-commons-4.0.5.jar:/Users/walid/.m2/repository/org/springframework/boot/spring-boot-persistence/4.0.5/spring-boot-persistence-4.0.5.jar:/Users/walid/.m2/repository/org/springframework/data/spring-data-commons/4.0.4/spring-data-commons-4.0.4.jar:/Users/walid/.m2/repository/org/springframework/boot/spring-boot-hibernate/4.0.5/spring-boot-hibernate-4.0.5.jar:/Users/walid/.m2/repository/org/springframework/boot/spring-boot-jpa/4.0.5/spring-boot-jpa-4.0.5.jar:/Users/walid/.m2/repository/jakarta/persistence/jakarta.persistence-api/3.2.0/jakarta.persistence-api-3.2.0.jar:/Users/walid/.m2/repository/org/hibernate/orm/hibernate-core/7.2.7.Final/hibernate-core-7.2.7.Final.jar:/Users/walid/.m2/repository/jakarta/transaction/jakarta.transaction-api/2.0.1/jakarta.transaction-api-2.0.1.jar:/Users/walid/.m2/repository/org/hibernate/models/hibernate-models/1.0.1/hibernate-models-1.0.1.jar:/Users/walid/.m2/repository/org/glassfish/jaxb/jaxb-runtime/4.0.6/jaxb-runtime-4.0.6.jar:/Users/walid/.m2/repository/org/glassfish/jaxb/jaxb-core/4.0.6/jaxb-core-4.0.6.jar:/Users/walid/.m2/repository/org/eclipse/angus/angus-activation/2.0.3/angus-activation-2.0.3.jar:/Users/walid/.m2/repository/org/glassfish/jaxb/txw2/4.0.6/txw2-4.0.6.jar:/Users/walid/.m2/repository/com/sun/istack/istack-commons-runtime/4.1.2/istack-commons-runtime-4.1.2.jar:/Users/walid/.m2/repository/org/springframework/spring-orm/7.0.6/spring-orm-7.0.6.jar:/Users/walid/.m2/repository/org/springframework/data/spring-data-jpa/4.0.4/spring-data-jpa-4.0.4.jar:/Users/walid/.m2/repository/org/springframework/spring-tx/7.0.6/spring-tx-7.0.6.jar:/Users/walid/.m2/repository/org/antlr/antlr4-runtime/4.13.2/antlr4-runtime-4.13.2.jar:/Users/walid/.m2/repository/org/springframework/spring-aspects/7.0.6/spring-aspects-7.0.6.jar:/Users/walid/.m2/repository/org/aspectj/aspectjweaver/1.9.25.1/aspectjweaver-1.9.25.1.jar:/Users/walid/.m2/repository/org/springframework/boot/spring-boot-jdbc/4.0.5/spring-boot-jdbc-4.0.5.jar:/Users/walid/.m2/repository/org/springframework/boot/spring-boot-sql/4.0.5/spring-boot-sql-4.0.5.jar:/Users/walid/.m2/repository/org/springframework/boot/spring-boot-transaction/4.0.5/spring-boot-transaction-4.0.5.jar:/Users/walid/.m2/repository/org/springframework/spring-jdbc/7.0.6/spring-jdbc-7.0.6.jar:/Users/walid/.m2/repository/org/postgresql/postgresql/42.7.10/postgresql-42.7.10.jar:/Users/walid/.m2/repository/org/checkerframework/checker-qual/3.52.0/checker-qual-3.52.0.jar:/Users/walid/.m2/repository/javax/measure/unit-api/2.2/unit-api-2.2.jar:/Users/walid/.m2/repository/tech/units/indriya/2.2/indriya-2.2.jar:/Users/walid/.m2/repository/tech/uom/lib/uom-lib-common/2.2/uom-lib-common-2.2.jar:/Users/walid/.m2/repository/jakarta/inject/jakarta.inject-api/2.0.1/jakarta.inject-api-2.0.1.jar:/Users/walid/.m2/repository/org/apiguardian/apiguardian-api/1.1.2/apiguardian-api-1.1.2.jar
Launcher Type: SUN_STANDARD

[Global flags]
     bool AllowEnhancedClassRedefinition           = true                                      {product} {command line}
     intx CICompilerCount                          = 4                                         {product} {ergonomic}
     bool ClassUnloading                           = true                                      {product} {command line}
     uint ConcGCThreads                            = 2                                         {product} {ergonomic}
     uint G1ConcRefinementThreads                  = 8                                         {product} {ergonomic}
   size_t G1HeapRegionSize                         = 1048576                                   {product} {ergonomic}
   size_t InitialHeapSize                          = 134217728                                 {product} {ergonomic}
   size_t MarkStackSize                            = 4194304                                   {product} {ergonomic}
   size_t MarkStackSizeMax                         = 536870912                                 {product} {ergonomic}
   size_t MaxHeapSize                              = 2147483648                                {product} {ergonomic}
   size_t MaxNewSize                               = 1287651328                                {product} {ergonomic}
   size_t MinHeapDeltaBytes                        = 1048576                                   {product} {ergonomic}
   size_t MinHeapSize                              = 8388608                                   {product} {ergonomic}
    uintx NonNMethodCodeHeapSize                   = 5832704                                {pd product} {ergonomic}
    uintx NonProfiledCodeHeapSize                  = 122929152                              {pd product} {ergonomic}
    uintx ProfiledCodeHeapSize                     = 122896384                              {pd product} {ergonomic}
    uintx ReservedCodeCacheSize                    = 251658240                              {pd product} {ergonomic}
     bool SegmentedCodeCache                       = true                                      {product} {ergonomic}
     bool ShowCodeDetailsInExceptionMessages       = true                                   {manageable} {command line}
   size_t SoftMaxHeapSize                          = 2147483648                             {manageable} {ergonomic}
     bool UseCompressedOops                        = true                           {product lp64_product} {ergonomic}
     bool UseG1GC                                  = true                                      {product} {ergonomic}
     bool UseNUMA                                  = false                                     {product} {ergonomic}
     bool UseNUMAInterleaving                      = false                                     {product} {ergonomic}

Logging:
Log output configuration:
 #0: stdout all=warning uptime,level,tags foldmultilines=false
 #1: stderr all=off uptime,level,tags foldmultilines=false

Release file:
JAVA_VERSION="25"
MODULES="java.base java.compiler java.datatransfer java.xml java.prefs java.desktop java.instrument java.logging java.management java.security.sasl java.naming java.rmi java.management.rmi java.net.http java.scripting java.security.jgss java.transaction.xa java.sql java.sql.rowset java.xml.crypto java.se java.smartcardio jdk.accessibility jdk.internal.jvmstat jdk.attach jdk.charsets jdk.internal.opt jdk.zipfs jdk.compiler jdk.crypto.cryptoki jdk.crypto.ec jdk.dynalink jdk.internal.ed jdk.editpad jdk.internal.vm.ci jdk.graal.compiler jdk.graal.compiler.management jdk.hotspot.agent jdk.httpserver jdk.incubator.vector jdk.internal.le jdk.internal.md jdk.jartool jdk.javadoc jdk.jcmd jdk.management jdk.management.agent jdk.jconsole jdk.jdeps jdk.jdwp.agent jdk.jdi jdk.jfr jdk.jlink jdk.jpackage jdk.jshell jdk.jsobject jdk.jstatd jdk.localedata jdk.management.jfr jdk.naming.dns jdk.naming.rmi jdk.net jdk.nio.mapmode jdk.sctp jdk.security.auth jdk.security.jgss jdk.unsupported jdk.unsupported.desktop jdk.xml.dom"
IMPLEMENTOR="JetBrains s.r.o."
IMPLEMENTOR_VERSION="JBRSDK-25+36-176.4-nomod"
JAVA_RUNTIME_VERSION="25+36-b176.4"
LIBC="default"
OS_ARCH="aarch64"
OS_NAME="Darwin"
SOURCE=".:git:d7e087876fa0+"

Environment Variables:
PATH=/usr/local/bin:/System/Cryptexes/App/usr/bin:/usr/bin:/bin:/usr/sbin:/sbin:/var/run/com.apple.security.cryptexd/codex.system/bootstrap/usr/local/bin:/var/run/com.apple.security.cryptexd/codex.system/bootstrap/usr/bin:/var/run/com.apple.security.cryptexd/codex.system/bootstrap/usr/appleinternal/bin:/usr/local/share/dotnet:~/.dotnet/tools:/Users/walid/.vscode/extensions/vscjava.vscode-java-debug-0.59.0/bundled/scripts/noConfigScripts:/Users/walid/Library/Application Support/Code/User/globalStorage/github.copilot-chat/debugCommand
SHELL=/bin/zsh
LANG=en_US.UTF-8
TERM=xterm-256color
TMPDIR=/var/folders/3p/624snhvj3hg2tnb2g89vjhg40000gn/T/

Active Locale:
LC_ALL=en_US.UTF-8
LC_COLLATE=en_US.UTF-8
LC_CTYPE=en_US.UTF-8
LC_MESSAGES=en_US.UTF-8
LC_MONETARY=en_US.UTF-8
LC_NUMERIC=en_US.UTF-8
LC_TIME=en_US.UTF-8

Signal Handlers:
   SIGSEGV: crash_handler in libjvm.dylib, mask=11100110000111110111111111111111, flags=SA_ONSTACK|SA_RESTART|SA_SIGINFO, unblocked
    SIGBUS: crash_handler in libjvm.dylib, mask=11100110000111110111111111111111, flags=SA_RESTART|SA_SIGINFO, unblocked
    SIGFPE: crash_handler in libjvm.dylib, mask=11100110000111110111111111111111, flags=SA_RESTART|SA_SIGINFO, unblocked
   SIGPIPE: javaSignalHandler in libjvm.dylib, mask=11100110000111110111111111111111, flags=SA_RESTART|SA_SIGINFO, unblocked
   SIGXFSZ: javaSignalHandler in libjvm.dylib, mask=11100110000111110111111111111111, flags=SA_RESTART|SA_SIGINFO, unblocked
    SIGILL: crash_handler in libjvm.dylib, mask=11100110000111110111111111111111, flags=SA_RESTART|SA_SIGINFO, unblocked
   SIGUSR2: SR_handler in libjvm.dylib, mask=00000000000000000000000000000000, flags=SA_RESTART|SA_SIGINFO, unblocked
    SIGHUP: UserHandler in libjvm.dylib, mask=11100110000111110111111111111111, flags=SA_RESTART|SA_SIGINFO, unblocked
    SIGINT: UserHandler in libjvm.dylib, mask=11100110000111110111111111111111, flags=SA_RESTART|SA_SIGINFO, unblocked
   SIGTERM: UserHandler in libjvm.dylib, mask=11100110000111110111111111111111, flags=SA_RESTART|SA_SIGINFO, unblocked
   SIGQUIT: UserHandler in libjvm.dylib, mask=11100110000111110111111111111111, flags=SA_RESTART|SA_SIGINFO, blocked
   SIGTRAP: crash_handler in libjvm.dylib, mask=11100110000111110111111111111111, flags=SA_RESTART|SA_SIGINFO, unblocked


Compilation memory statistics disabled.

Periodic native trim disabled

JNI global refs:
JNI global refs: 126, weak refs: 234

JNI global refs memory usage: 2099, weak refs: 5705

Process memory usage:
Resident Set Size: 335440K (3% of 8388608K total physical memory with 154512K free physical memory)

OOME stack traces (most recent first):
Classloader memory used:
Loader jdk.internal.loader.ClassLoaders$AppClassLoader                                 : 108 M
Loader bootstrap                                                                       : 25243 K
Loader org.springframework.boot.tomcat.TomcatEmbeddedWebappClassLoader                 : 3099 K
Loader jdk.internal.loader.ClassLoaders$PlatformClassLoader                            : 2499 K
Loader net.bytebuddy.utility.dispatcher.JavaDispatcher$DynamicClassLoader              : 1538 K

Classes loaded by more than one classloader:
Class org.hotswap.agent.plugin.hibernate3.session.proxy.SessionFactoryProxy           : loaded 3 times (x 76B)
Class org.hotswap.agent.plugin.deltaspike.jsf.ViewConfigReloader                      : loaded 3 times (x 73B)
Class org.hotswap.agent.plugin.weld_jakarta.WeldJakartaPlugin                         : loaded 3 times (x 81B)
Class org.hotswap.agent.plugin.weld_jakarta.transformer.BeanDeploymentArchiveTransformer: loaded 3 times (x 73B)
Class org.hotswap.agent.plugin.webobjects.HotswapWebObjectsPlugin$ClearValidationCache: loaded 3 times (x 78B)
Class org.hotswap.agent.plugin.proxy.java.ProxyGenerator$ConstantPool                 : loaded 3 times (x 85B)
Class org.hotswap.agent.plugin.osgiequinox.OsgiEquinoxPlugin                          : loaded 3 times (x 77B)
Class org.hotswap.agent.plugin.spring.boot.env.BasePropertiesPropertySourceLoader     : loaded 3 times (x 79B)
Class org.hotswap.agent.plugin.jdk.JdkPlugin                                          : loaded 3 times (x 73B)
Class org.hotswap.agent.plugin.spring.boot.env.HotswapSpringProperties                : loaded 3 times (x 158B)
Class org.hotswap.agent.plugin.spring.transformers.ClassPathBeanDefinitionScannerTransformer: loaded 3 times (x 73B)
Class org.hotswap.agent.plugin.spring.core.ResetSpringStaticCaches                    : loaded 3 times (x 73B)
Class org.hotswap.agent.plugin.hibernate_jakarta.proxy.SessionFactoryProxy            : loaded 3 times (x 76B)
Class org.hotswap.agent.plugin.vaadin.VaadinIntegration                               : loaded 3 times (x 77B)
Class org.hotswap.agent.plugin.spring.transformers.BeanFactoryTransformer             : loaded 3 times (x 73B)
Class org.hotswap.agent.plugin.weld_jakarta.WeldJakartaPlugin$1                       : loaded 3 times (x 78B)
Class org.hotswap.agent.plugin.spring.reload.ClassChangedCommand                      : loaded 3 times (x 81B)
Class org.hotswap.agent.plugin.weld.transformer.AbstractClassBeanTransformer          : loaded 3 times (x 73B)
Class org.hotswap.agent.plugin.proxy.api.TransformationState                          : loaded 3 times (x 81B)
Class org.hotswap.agent.plugin.owb_jakarta.command.BeanClassRefreshCommand            : loaded 3 times (x 82B)
Class org.hotswap.agent.plugin.owb_jakarta.transformer.AbstractProducerTransformer$1  : loaded 3 times (x 83B)
Class org.hotswap.agent.plugin.owb.transformer.AbstractProducerTransformer            : loaded 3 times (x 73B)
Class org.hotswap.agent.plugin.osgiequinox.OsgiEquinoxPlugin$1                        : loaded 3 times (x 78B)
Class org.hotswap.agent.plugin.spring.transformers.ConfigurationClassPostProcessorTransformer: loaded 3 times (x 73B)
Class org.hotswap.agent.plugin.spring.transformers.ProxyReplacerTransformer           : loaded 3 times (x 73B)
Class org.hotswap.agent.plugin.spring.listener.SpringEvent                            : loaded 3 times (x 76B)
Class org.hotswap.agent.plugin.hibernate3.jpa.Hibernate3JPATransformers               : loaded 3 times (x 73B)
Class org.hotswap.agent.plugin.weld.transformer.ProxyFactoryTransformer               : loaded 3 times (x 73B)
Class org.hotswap.agent.plugin.proxy.ReloadJavaProxyCommand                           : loaded 3 times (x 83B)
Class org.hotswap.agent.plugin.owb.transformer.ProxyFactoryTransformer                : loaded 3 times (x 73B)
Class org.hotswap.agent.plugin.proxy.ProxyPlugin                                      : loaded 3 times (x 73B)
Class org.hotswap.agent.plugin.proxy.api.MultistepProxyTransformer$1                  : loaded 3 times (x 73B)
Class org.hotswap.agent.plugin.proxy.RedefinitionScheduler                            : loaded 3 times (x 77B)
Class org.hotswap.agent.plugin.sponge.ReloadListenersCommand$1                        : loaded 3 times (x 73B)
Class org.hotswap.agent.plugin.weld.command.BdaAgentRegistry                          : loaded 3 times (x 73B)
Class org.hotswap.agent.plugin.elresolver.PurgeJbossReflectionUtil                    : loaded 3 times (x 81B)
Class org.hotswap.agent.plugin.deltaspike_jakarta.command.ProxyClassLoadingDelegate   : loaded 3 times (x 73B)
Class org.hotswap.agent.plugin.spring.transformers.support.InitMethodEnhance          : loaded 3 times (x 73B)
Class org.hotswap.agent.plugin.hibernate3.session.proxy.OverrideConfig                : loaded 3 times (x 74B)
Class org.hotswap.agent.plugin.weld_jakarta.ArchivePathHelper                         : loaded 3 times (x 73B)
Class org.hotswap.agent.plugin.proxy.api.AbstractProxyBytecodeTransformer             : loaded 3 times (x 82B)
Class org.hotswap.agent.plugin.myfaces.transformer.MyFacesTransformer                 : loaded 3 times (x 73B)
Class org.hotswap.agent.plugin.sponge.ReloadListenersCommand                          : loaded 3 times (x 77B)
Class org.hotswap.agent.plugin.vaadin.VaadinPlugin$UpdateRoutesCommand                : loaded 3 times (x 89B)
Class org.hotswap.agent.plugin.weblogic.WeblogicPlugin                                : loaded 3 times (x 74B)
Class org.hotswap.agent.plugin.deltaspike_jakarta.DeltaspikeClassSignatureHelper      : loaded 3 times (x 73B)
Class org.hotswap.agent.plugin.webobjects.HotswapWebObjectsPlugin                     : loaded 3 times (x 76B)
Class org.hotswap.agent.plugin.spring.transformers.ConfigurationClassPostProcessorTransformer$1: loaded 3 times (x 83B)
Class org.hotswap.agent.plugin.hotswapper.HotswapperCommand                           : loaded 3 times (x 73B)
Class org.hotswap.agent.plugin.deltaspike.transformer.RepositoryTransformer           : loaded 3 times (x 73B)
Class org.hotswap.agent.plugin.resteasy.ResteasyRegistryPlugin                        : loaded 3 times (x 79B)
Class org.hotswap.agent.plugin.log4j2.Log4j2Plugin$1                                  : loaded 3 times (x 78B)
Class org.hotswap.agent.plugin.hibernate3.jpa.proxy.EntityManagerFactoryProxy         : loaded 3 times (x 77B)
Class org.hotswap.agent.plugin.hibernate3.session.proxy.SessionFactoryProxy$1         : loaded 3 times (x 78B)
Class org.hotswap.agent.plugin.hibernate3.session.proxy.OverrideConfig$ConfiguredBy   : loaded 3 times (x 81B)
Class org.hotswap.agent.plugin.deltaspike.command.PartialBeanClassRefreshAgent        : loaded 3 times (x 73B)
Class org.hotswap.agent.plugin.proxy.hscglib.CglibProxyTransformer                    : loaded 3 times (x 90B)
Class org.hotswap.agent.plugin.deltaspike.transformer.ViewConfigTransformer$1         : loaded 3 times (x 83B)
Class org.hotswap.agent.plugin.wicket.WicketPlugin                                    : loaded 3 times (x 76B)
Class org.hotswap.agent.plugin.weld_jakarta.BeanReloadStrategy                        : loaded 3 times (x 81B)
Class org.hotswap.agent.plugin.weld.WeldPlugin                                        : loaded 3 times (x 81B)
Class org.hotswap.agent.plugin.owb_jakarta.BeanReloadStrategy                         : loaded 3 times (x 81B)
Class org.hotswap.agent.plugin.log4j2.Log4j2Plugin                                    : loaded 3 times (x 76B)
Class org.hotswap.agent.plugin.spring.scanner.SpringBeanWatchEventListener            : loaded 3 times (x 78B)
Class org.hotswap.agent.plugin.hibernate3.jpa.Hibernate3JPARefreshCommands            : loaded 3 times (x 73B)
Class org.hotswap.agent.plugin.cxf.jaxrs.ClassResourceInfoProxyHelper$CriProxyMethodHandler: loaded 3 times (x 78B)
Class org.hotswap.agent.plugin.proxy.java.ProxyGenerator$ConstantPool$ValueEntry      : loaded 3 times (x 75B)
Class org.hotswap.agent.plugin.mojarra.command.ReloadManagedBeanCommand               : loaded 3 times (x 78B)
Class org.hotswap.agent.plugin.spring.getbean.DetachableBeanHolder                    : loaded 3 times (x 79B)
Class org.hotswap.agent.plugin.jackson.JacksonPlugin                                  : loaded 3 times (x 76B)
Class org.hotswap.agent.plugin.deltaspike.transformer.DeltaSpikeProxyContextualLifecycleTransformer: loaded 3 times (x 73B)
Class org.hotswap.agent.plugin.tomcat.WebappLoaderTransformer                         : loaded 3 times (x 73B)
Class org.hotswap.agent.plugin.spring.reload.XmlsChangedCommand                       : loaded 3 times (x 81B)
Class org.hotswap.agent.plugin.spring.getbean.SpringHotswapAgentProxy                 : loaded 3 times (x 72B)
Class org.hotswap.agent.plugin.jvm.ClassInitPlugin$1                                  : loaded 3 times (x 84B)
Class org.hotswap.agent.plugin.mojarra.transformer.MojarraTransformer                 : loaded 3 times (x 73B)
Class org.hotswap.agent.plugin.spring.boot.transformers.PropertySourceTransformer     : loaded 3 times (x 73B)
Class org.hotswap.agent.plugin.spring.boot.env.v2.PropertiesPropertySourceLoader      : loaded 3 times (x 80B)
Class org.hotswap.agent.plugin.spring.SpringChangesAnalyzer$1                         : loaded 3 times (x 124B)
Class org.hotswap.agent.plugin.jvm.ClassInitPlugin$2                                  : loaded 3 times (x 78B)
Class org.hotswap.agent.plugin.owb.OwbPlugin                                          : loaded 3 times (x 78B)
Class org.hotswap.agent.plugin.jersey2.Jersey2Plugin                                  : loaded 3 times (x 76B)
Class org.hotswap.agent.plugin.spring.transformers.PostProcessorRegistrationDelegateTransformer$1: loaded 3 times (x 83B)
Class org.hotswap.agent.plugin.hibernate3.session.util.ProxyUtil                      : loaded 3 times (x 73B)
Class org.hotswap.agent.plugin.hibernate.HibernateRefreshCommands                     : loaded 3 times (x 73B)
Class org.hotswap.agent.plugin.jvm.AnonymousClassInfos                                : loaded 3 times (x 80B)
Class org.hotswap.agent.plugin.jersey2.Jersey2Plugin$1                                : loaded 3 times (x 78B)
Class org.hotswap.agent.plugin.spring.scanner.BeanDefinitionChangeEvent               : loaded 3 times (x 76B)
Class org.hotswap.agent.plugin.weld.command.BeanClassRefreshAgent                     : loaded 3 times (x 77B)
Class org.hotswap.agent.plugin.owb_jakarta.transformer.CdiContextsTransformer         : loaded 3 times (x 73B)
Class org.hotswap.agent.plugin.owb.command.BeanClassRefreshAgent                      : loaded 3 times (x 73B)
Class org.hotswap.agent.plugin.owb_jakarta.transformer.ProxyFactoryTransformer$1      : loaded 3 times (x 83B)
Class org.hotswap.agent.plugin.spring.reload.BeanFactoryAssistant                     : loaded 3 times (x 82B)
Class org.hotswap.agent.plugin.spring.scanner.ClassPathBeanRefreshCommand             : loaded 3 times (x 81B)
Class org.hotswap.agent.plugin.idea.IdeaPlugin                                        : loaded 3 times (x 74B)
Class org.hotswap.agent.plugin.deltaspike.transformer.ViewConfigTransformer           : loaded 3 times (x 73B)
Class org.hotswap.agent.plugin.owb_jakarta.OwbJakartaPlugin$1                         : loaded 3 times (x 78B)
Class org.hotswap.agent.plugin.owb_jakarta.transformer.ProxyFactoryTransformer$2      : loaded 3 times (x 83B)
Class org.hotswap.agent.plugin.osgiequinox.OsgiEquinoxPlugin$AutoHotswapPathEventListener: loaded 3 times (x 78B)
Class org.hotswap.agent.plugin.zk.ZkPlugin                                            : loaded 3 times (x 78B)
Class org.hotswap.agent.plugin.spring.boot.env.v1.YamlPropertySourceLoader            : loaded 3 times (x 80B)
Class org.hotswap.agent.plugin.hibernate.HibernatePlugin                              : loaded 3 times (x 80B)
Class org.hotswap.agent.plugin.deltaspike.transformer.DeltaspikeContextsTransformer   : loaded 3 times (x 73B)
Class org.hotswap.agent.plugin.jbossmodules.PrependingMap                             : loaded 3 times (x 124B)
Class org.hotswap.agent.plugin.wildfly.el.PurgeWildFlyBeanELResolverCacheCommand      : loaded 3 times (x 81B)
Class org.hotswap.agent.plugin.spring.transformers.api.ReloadablePropertySource       : loaded 3 times (x 72B)
Class org.hotswap.agent.plugin.mybatis.proxy.ConfigurationProxy                       : loaded 3 times (x 76B)
Class org.hotswap.agent.plugin.owb.transformer.BeansDeployerTransformer               : loaded 3 times (x 73B)
Class org.hotswap.agent.plugin.jersey1.Jersey1Plugin                                  : loaded 3 times (x 76B)
Class org.hotswap.agent.plugin.spring.transformers.api.BeanFactoryLifecycle           : loaded 3 times (x 72B)
Class org.hotswap.agent.plugin.mybatisplus.transformers.MyBatisPlusTransformers       : loaded 3 times (x 73B)
Class org.hotswap.agent.plugin.webobjects.HotswapWebObjectsPlugin$ClearKVCCache       : loaded 3 times (x 78B)
Class org.hotswap.agent.plugin.logback.LogbackPlugin$1                                : loaded 3 times (x 78B)
Class org.hotswap.agent.plugin.tomcat.WatcherTomcatWebappClassLoader                  : loaded 3 times (x 118B)
Class org.hotswap.agent.plugin.weld.ArchivePathHelper                                 : loaded 3 times (x 73B)
Class org.hotswap.agent.plugin.proxy.java.ProxyGenerator$FieldInfo                    : loaded 3 times (x 75B)
Class org.hotswap.agent.plugin.owb.OwbClassSignatureHelper$1                          : loaded 3 times (x 73B)
Class org.hotswap.agent.plugin.spring.utils.ResourceUtils                             : loaded 3 times (x 73B)
Class org.hotswap.agent.plugin.ibatis.IBatisConfigurationHandler                      : loaded 3 times (x 73B)
Class org.hotswap.agent.plugin.spring.boot.env.HotswapSpringReloadMap                 : loaded 3 times (x 134B)
Class org.hotswap.agent.plugin.hibernate_jakarta.proxy.SessionFactoryProxy$1          : loaded 3 times (x 78B)
Class org.hotswap.agent.plugin.weld.beans.ContextualReloadHelper                      : loaded 3 times (x 73B)
Class org.hotswap.agent.plugin.proxy.ProxyTransformationUtils$1                       : loaded 3 times (x 124B)
Class org.hotswap.agent.plugin.proxy.hscglib.ParentLastClassLoader                    : loaded 3 times (x 104B)
Class org.hotswap.agent.plugin.owb_jakarta.OwbClassSignatureHelper                    : loaded 3 times (x 73B)
Class org.hotswap.agent.plugin.spring.getbean.ProxyReplacer                           : loaded 3 times (x 73B)
Class org.hotswap.agent.plugin.hotswapper.Trigger                                     : loaded 3 times (x 74B)
Class org.hotswap.agent.plugin.mybatisplus.proxy.ConfigurationPlusProxy$1             : loaded 3 times (x 78B)
Class org.hotswap.agent.plugin.owb_jakarta.OwbClassSignatureHelper$1                  : loaded 3 times (x 73B)
Class org.hotswap.agent.plugin.spring.boot.env.v2.YamlPropertySourceLoader            : loaded 3 times (x 80B)
Class org.hotswap.agent.plugin.spring.utils.AnnotatedBeanDefinitionUtils              : loaded 3 times (x 73B)
Class org.hotswap.agent.plugin.weld.command.BeanClassRefreshCommand                   : loaded 3 times (x 81B)
Class org.hotswap.agent.plugin.proxy.hscglib.CglibEnhancerProxyBytecodeGenerator      : loaded 3 times (x 78B)
Class org.hotswap.agent.plugin.deltaspike.command.PartialBeanClassRefreshCommand      : loaded 3 times (x 82B)
Class org.hotswap.agent.plugin.deltaspike.jsf.ViewConfigReloadCommand                 : loaded 3 times (x 81B)
Class org.hotswap.agent.plugin.weld.transformer.CdiContextsTransformer                : loaded 3 times (x 73B)
Class org.hotswap.agent.plugin.proxy.java.ProxyGenerator$1                            : loaded 3 times (x 79B)
Class org.hotswap.agent.plugin.zk.ZkPlugin$1                                          : loaded 3 times (x 78B)
Class org.hotswap.agent.plugin.spring.boot.transformers.PropertySourceLoaderTransformer$1: loaded 3 times (x 83B)
Class org.hotswap.agent.plugin.deltaspike.transformer.DeltaSpikeProxyTransformer$1    : loaded 3 times (x 83B)
Class org.hotswap.agent.plugin.proxy.api.SinglestepProxyTransformer                   : loaded 3 times (x 83B)
Class org.hotswap.agent.plugin.spring.boot.transformers.PropertySourceLoaderTransformer$2: loaded 3 times (x 83B)
Class org.hotswap.agent.plugin.spring.reload.SpringChangedReloadCommand               : loaded 3 times (x 81B)
Class org.hotswap.agent.plugin.deltaspike.command.ProxyClassLoadingDelegate           : loaded 3 times (x 73B)
Class org.hotswap.agent.plugin.deltaspike.transformer.DeltaSpikeProxyTransformer$2    : loaded 3 times (x 83B)
Class org.hotswap.agent.plugin.proxy.api.ProxyBytecodeGenerator                       : loaded 3 times (x 72B)
Class org.hotswap.agent.plugin.owb_jakarta.command.ProxyRefreshAgent                  : loaded 3 times (x 73B)
Class org.hotswap.agent.plugin.spring.boot.transformers.PropertySourceLoaderTransformer$3: loaded 3 times (x 83B)
Class org.hotswap.agent.plugin.deltaspike.transformer.DeltaSpikeProxyTransformer$3    : loaded 3 times (x 83B)
Class org.hotswap.agent.plugin.weld_jakarta.WeldClassSignatureHelper                  : loaded 3 times (x 73B)
Class org.hotswap.agent.plugin.owb_jakarta.beans.OwbHotswapContext                    : loaded 3 times (x 72B)
Class org.hotswap.agent.plugin.owb.command.ProxyRefreshAgent                          : loaded 3 times (x 73B)
Class org.hotswap.agent.plugin.jetty.JettyPlugin                                      : loaded 3 times (x 75B)
Class org.hotswap.agent.plugin.spring.boot.transformers.PropertySourceLoaderTransformer$4: loaded 3 times (x 83B)
Class org.hotswap.agent.plugin.spring.core.AutowiredAnnotationProcessor               : loaded 3 times (x 73B)
Class org.hotswap.agent.plugin.deltaspike.transformer.DeltaSpikeProxyTransformer      : loaded 3 times (x 73B)
Class org.hotswap.agent.plugin.mojarra.transformer.LifecycleImplTransformer           : loaded 3 times (x 73B)
Class org.hotswap.agent.plugin.spring.utils.RegistryUtils                             : loaded 3 times (x 73B)
Class org.hotswap.agent.plugin.spring.reload.YamlChangedCommand                       : loaded 3 times (x 81B)
Class org.hotswap.agent.plugin.spring.core.ResetAnnotationCache                       : loaded 3 times (x 73B)
Class org.hotswap.agent.plugin.spring.core.ResetBeanFactoryPostProcessorCaches        : loaded 3 times (x 73B)
Class org.hotswap.agent.plugin.spring.listener.SpringListener                         : loaded 3 times (x 72B)
Class org.hotswap.agent.plugin.jvm.AnonymousClassInfos$AnonymousClassInfoMatcher      : loaded 3 times (x 72B)
Class org.hotswap.agent.plugin.mybatisplus.transformers.MybatisPlusConfigurationCaller: loaded 3 times (x 73B)
Class org.hotswap.agent.plugin.owb.beans.ContextualReloadHelper                       : loaded 3 times (x 73B)
Class org.hotswap.agent.plugin.tomcat.TomcatSetup                                     : loaded 3 times (x 73B)
Class org.hotswap.agent.plugin.spring.utils.ClassSignatureComparer                    : loaded 3 times (x 73B)
Class org.hotswap.agent.plugin.spring.transformers.PostProcessorRegistrationDelegateTransformer: loaded 3 times (x 73B)
Class org.hotswap.agent.plugin.sponge.ReloadListenersCommand$HandleData               : loaded 3 times (x 74B)
Class org.hotswap.agent.plugin.weld_jakarta.transformer.AbstractClassBeanTransformer  : loaded 3 times (x 73B)
Class org.hotswap.agent.plugin.weld.WeldClassSignatureHelper$1                        : loaded 3 times (x 73B)
Class org.hotswap.agent.plugin.elresolver.ELResolverPlugin                            : loaded 3 times (x 78B)
Class org.hotswap.agent.plugin.mojarra.MojarraConstants                               : loaded 3 times (x 73B)
Class org.hotswap.agent.plugin.mybatis.util.ClassUtils                                : loaded 3 times (x 73B)
Class org.hotswap.agent.plugin.spring.reload.SpringBeanReload                         : loaded 3 times (x 82B)
Class org.hotswap.agent.plugin.spring.core.ResetBeanPostProcessorCaches               : loaded 3 times (x 73B)
Class org.hotswap.agent.plugin.hibernate_jakarta.proxy.EntityManagerFactoryProxy$1    : loaded 3 times (x 78B)
Class org.hotswap.agent.plugin.undertow.UndertowTransformer                           : loaded 3 times (x 73B)
Class org.hotswap.agent.plugin.deltaspike.command.RepositoryRefreshAgent              : loaded 3 times (x 73B)
Class org.hotswap.agent.plugin.resteasy.RefreshRegistryCommand                        : loaded 3 times (x 82B)
Class org.hotswap.agent.plugin.cdi.HaCdiCommons                                       : loaded 3 times (x 73B)
Class org.hotswap.agent.plugin.spring.transformers.api.ValueResolverSupport           : loaded 3 times (x 72B)
Class org.hotswap.agent.plugin.spring.api.PropertySourceReloader                      : loaded 3 times (x 72B)
Class org.hotswap.agent.plugin.vaadin.VaadinPlugin$ResourceChangedCommand             : loaded 3 times (x 90B)
Class org.hotswap.agent.plugin.myfaces.command.ReloadManagedBeanCommand               : loaded 3 times (x 78B)
Class org.hotswap.agent.plugin.spring.reload.SpringReloadConfig                       : loaded 3 times (x 73B)
Class org.hotswap.agent.plugin.weld.transformer.BeanDeploymentArchiveTransformer      : loaded 3 times (x 73B)
Class org.hotswap.agent.plugin.watchResources.WatchResourcesPlugin                    : loaded 3 times (x 74B)
Class org.hotswap.agent.plugin.cxf.jaxrs.ClassResourceInfoProxyHelper$1               : loaded 3 times (x 77B)
Class org.hotswap.agent.plugin.proxy.ProxyTransformationUtils                         : loaded 3 times (x 73B)
Class org.hotswap.agent.plugin.spring.boot.env.HotswapSpringPropertiesReloader        : loaded 3 times (x 72B)
Class org.hotswap.agent.plugin.hotswapper.HotSwapperJpda$1                            : loaded 3 times (x 114B)
Class org.hotswap.agent.plugin.mybatis.proxy.SpringMybatisConfigurationProxy          : loaded 3 times (x 76B)
Class org.hotswap.agent.plugin.spring.listener.SpringEventSource                      : loaded 3 times (x 76B)
Class org.hotswap.agent.plugin.spring.SpringBeanClassFileTransformer                  : loaded 3 times (x 84B)
Class org.hotswap.agent.plugin.mybatisplus.transformers.PlusSqlSessionFactoryBeanCaller: loaded 3 times (x 73B)
Class org.hotswap.agent.plugin.mybatis.proxy.ConfigurationProxy$1                     : loaded 3 times (x 78B)
Class org.hotswap.agent.plugin.deltaspike_jakarta.transformer.DeltaSpikeProxyTransformer$1: loaded 3 times (x 83B)
Class org.hotswap.agent.plugin.weld.command.ProxyClassLoadingDelegate                 : loaded 3 times (x 73B)
Class org.hotswap.agent.plugin.proxy.java.ProxyGenerator$ExceptionTableEntry          : loaded 3 times (x 73B)
Class org.hotswap.agent.plugin.myfaces.transformer.LifecycleImplTransformer           : loaded 3 times (x 73B)
Class org.hotswap.agent.plugin.hibernate3.jpa.Hibernate3JPAHelper                     : loaded 3 times (x 73B)
Class org.hotswap.agent.plugin.hibernate_jakarta.HibernatePersistenceHelper           : loaded 3 times (x 73B)
Class org.hotswap.agent.plugin.hibernate.HibernateTransformers                        : loaded 3 times (x 73B)
Class org.hotswap.agent.plugin.vaadin.VaadinPlugin                                    : loaded 3 times (x 82B)
Class org.hotswap.agent.plugin.deltaspike_jakarta.transformer.DeltaSpikeProxyTransformer$2: loaded 3 times (x 83B)
Class org.hotswap.agent.plugin.hotswapper.HotswapperPlugin                            : loaded 3 times (x 76B)
Class jdk.proxy2.$Proxy156                                                            : loaded 3 times (x 228B)
Class org.hotswap.agent.plugin.mybatis.util.XMLConfigBuilderUtils                     : loaded 3 times (x 73B)
Class org.hotswap.agent.plugin.weld_jakarta.WeldClassSignatureHelper$1                : loaded 3 times (x 73B)
Class org.hotswap.agent.plugin.owb.transformer.CdiContextsTransformer                 : loaded 3 times (x 73B)
Class org.hotswap.agent.plugin.hibernate3.session.Hibernate3RefreshCommand            : loaded 3 times (x 73B)
Class jdk.proxy2.$Proxy158                                                            : loaded 3 times (x 226B)
Class org.hotswap.agent.plugin.proxy.ProxyClassSignatureHelper                        : loaded 3 times (x 73B)
Class org.hotswap.agent.plugin.owb.command.ProxyClassLoadingDelegate                  : loaded 3 times (x 73B)
Class jdk.proxy2.$Proxy159                                                            : loaded 3 times (x 225B)
Class org.hotswap.agent.plugin.myfaces.MyFacesPlugin                                  : loaded 3 times (x 78B)
Class org.hotswap.agent.plugin.myfaces.transformer.ManagedBeanResolverTransformer     : loaded 3 times (x 73B)
Class org.hotswap.agent.plugin.spring.core.ResetRequestMappingCaches                  : loaded 3 times (x 73B)
Class org.hotswap.agent.plugin.spring.getbean.EnhancerProxyCreater                    : loaded 3 times (x 74B)
Class org.hotswap.agent.plugin.hibernate.proxy.SessionFactoryProxy                    : loaded 3 times (x 76B)
Class org.hotswap.agent.plugin.jvm.ClassInitPlugin                                    : loaded 3 times (x 73B)
Class org.hotswap.agent.plugin.omnifaces.OmnifacesPlugin                              : loaded 3 times (x 74B)
Class org.hotswap.agent.plugin.logback.LogbackPlugin                                  : loaded 3 times (x 76B)
Class org.hotswap.agent.plugin.spring.SpringChangesAnalyzer                           : loaded 3 times (x 76B)
Class org.hotswap.agent.plugin.spring.files.PropertiesChangeEvent                     : loaded 3 times (x 76B)
Class org.hotswap.agent.plugin.mybatis.transformers.ConfigurationCaller               : loaded 3 times (x 73B)
Class org.hotswap.agent.plugin.weld.BeanReloadStrategy                                : loaded 3 times (x 81B)
Class org.hotswap.agent.plugin.owb_jakarta.OwbJakartaPlugin                           : loaded 3 times (x 78B)
Class org.hotswap.agent.plugin.deltaspike.DeltaSpikePlugin                            : loaded 3 times (x 81B)
Class org.hotswap.agent.plugin.weld_jakarta.beans.WeldHotswapContext                  : loaded 3 times (x 72B)
Class org.hotswap.agent.plugin.owb.ArchivePathHelper                                  : loaded 3 times (x 73B)
Class org.hotswap.agent.plugin.mojarra.MojarraPlugin                                  : loaded 3 times (x 79B)
Class org.hotswap.agent.plugin.spring.core.BeanDefinitionProcessor                    : loaded 3 times (x 73B)
Class org.hotswap.agent.plugin.hibernate3.session.proxy.ReInitializableHelper         : loaded 3 times (x 73B)
Class org.hotswap.agent.plugin.hibernate3.session.Hibernate3Plugin                    : loaded 3 times (x 82B)
Class org.hotswap.agent.plugin.hibernate_jakarta.proxy.EntityManagerFactoryProxy      : loaded 3 times (x 77B)
Class org.hotswap.agent.plugin.deltaspike_jakarta.DeltaSpikeJakartaPlugin             : loaded 3 times (x 79B)
Class org.hotswap.agent.plugin.spring.reload.PropertiesChangedCommand                 : loaded 3 times (x 81B)
Class org.hotswap.agent.plugin.mybatis.MyBatisRefreshCommands                         : loaded 3 times (x 73B)
Class org.hotswap.agent.plugin.proxy.hscglib.GeneratorParametersRecorder              : loaded 3 times (x 73B)
Class org.hotswap.agent.plugin.owb.OwbClassSignatureHelper                            : loaded 3 times (x 73B)
Class org.hotswap.agent.plugin.freemarker.FreeMarkerPlugin                            : loaded 3 times (x 76B)
Class org.hotswap.agent.plugin.cxf.jaxrs.ClassResourceInfoProxyHelper                 : loaded 3 times (x 73B)
Class org.hotswap.agent.plugin.deltaspike_jakarta.transformer.DeltaspikeContextsTransformer: loaded 3 times (x 73B)
Class org.hotswap.agent.plugin.owb.transformer.AbstractProducerTransformer$1          : loaded 3 times (x 83B)
Class org.hotswap.agent.plugin.weld.WeldPlugin$1                                      : loaded 3 times (x 78B)
Class org.hotswap.agent.plugin.proxy.api.ProxyBytecodeTransformer                     : loaded 3 times (x 72B)
Class org.hotswap.agent.plugin.spring.reload.BeanChangeEvent                          : loaded 3 times (x 76B)
Class org.hotswap.agent.plugin.spring.reload.ClassChangeEvent                         : loaded 3 times (x 76B)
Class org.hotswap.agent.plugin.hibernate_jakarta.HibernateRefreshCommands             : loaded 3 times (x 73B)
Class org.hotswap.agent.plugin.hibernate.proxy.EntityManagerFactoryProxy              : loaded 3 times (x 77B)
Class org.hotswap.agent.plugin.hibernate.HibernatePlugin$1                            : loaded 3 times (x 78B)
Class com.example.Views.InventoryView                                                 : loaded 3 times (x 335B)
Class org.hotswap.agent.plugin.weld_jakarta.command.BdaAgentRegistry                  : loaded 3 times (x 73B)
Class org.hotswap.agent.plugin.mojarra.transformer.BeanManagerTransformer             : loaded 3 times (x 73B)
Class org.hotswap.agent.plugin.hibernate3.jpa.proxy.EntityManagerFactoryProxy$1       : loaded 3 times (x 78B)
Class org.hotswap.agent.plugin.hibernate3.session.proxy.ReInitializable               : loaded 3 times (x 72B)
Class org.hotswap.agent.plugin.mybatis.transformers.SqlSessionFactoryBeanCaller       : loaded 3 times (x 73B)
Class org.hotswap.agent.plugin.weld_jakarta.command.BeanClassRefreshCommand           : loaded 3 times (x 81B)
Class org.hotswap.agent.plugin.proxy.hscglib.GeneratorParametersTransformer           : loaded 3 times (x 73B)
Class org.hotswap.agent.plugin.spring.boot.env.v2.LowVersionPropertiesPropertySourceLoader: loaded 3 times (x 80B)
Class org.hotswap.agent.plugin.jvm.AnonymousClassPatchPlugin$1                        : loaded 3 times (x 84B)
Class org.hotswap.agent.plugin.sponge.SpongePlugin                                    : loaded 3 times (x 74B)
Class org.hotswap.agent.plugin.ibatis.IBatisPlugin                                    : loaded 3 times (x 77B)
Class org.hotswap.agent.plugin.spring.boot.transformers.PropertySourceLoaderTransformer: loaded 3 times (x 73B)
Class org.hotswap.agent.plugin.spring.boot.env.v1.PropertiesPropertySourceLoader      : loaded 3 times (x 80B)
Class org.hotswap.agent.plugin.spring.boot.SpringBootPlugin                           : loaded 3 times (x 76B)
Class org.hotswap.agent.plugin.owb.beans.OwbHotswapContext                            : loaded 3 times (x 72B)
Class org.hotswap.agent.plugin.spring.transformers.PlaceholderConfigurerSupportTransformer: loaded 3 times (x 73B)
Class org.hotswap.agent.plugin.jvm.AnonymousClassInfo                                 : loaded 3 times (x 82B)
Class org.hotswap.agent.plugin.mybatisplus.proxy.SpringMybatisPlusConfigurationProxy  : loaded 3 times (x 76B)
Class org.hotswap.agent.plugin.deltaspike.jsf.ViewConfigResolverUtils                 : loaded 3 times (x 73B)
Class org.hotswap.agent.plugin.weld_jakarta.transformer.CdiContextsTransformer        : loaded 3 times (x 73B)
Class org.hotswap.agent.plugin.hibernate.proxy.EntityManagerFactoryProxy$1            : loaded 3 times (x 78B)
Class org.hotswap.agent.plugin.deltaspike_jakarta.command.RepositoryRefreshAgent      : loaded 3 times (x 73B)
Class org.hotswap.agent.plugin.owb_jakarta.ArchivePathHelper                          : loaded 3 times (x 73B)
Class org.hotswap.agent.plugin.hibernate3.session.Hibernate3Transformers              : loaded 3 times (x 73B)
Class org.hotswap.agent.plugin.deltaspike_jakarta.command.PartialBeanClassRefreshAgent: loaded 3 times (x 73B)
Class org.hotswap.agent.plugin.deltaspike.command.RepositoryRefreshCommand            : loaded 3 times (x 81B)
Class org.hotswap.agent.plugin.proxy.java.ProxyGenerator$ConstantPool$Entry           : loaded 3 times (x 74B)
Class org.hotswap.agent.plugin.tomcat.TomcatPlugin                                    : loaded 3 times (x 73B)
Class org.hotswap.agent.plugin.hibernate_jakarta.HibernateJakartaPlugin$1             : loaded 3 times (x 78B)
Class org.hotswap.agent.plugin.hibernate3.session.proxy.ReInitializableHelper$1       : loaded 3 times (x 73B)
Class org.hotswap.agent.plugin.deltaspike_jakarta.command.PartialBeanClassRefreshCommand: loaded 3 times (x 82B)
Class org.hotswap.agent.plugin.weld.command.BeanReloadExecutor                        : loaded 3 times (x 73B)
Class org.hotswap.agent.plugin.proxy.java.ProxyGenerator$ConstantPool$IndirectEntry   : loaded 3 times (x 74B)
Class org.hotswap.agent.plugin.owb_jakarta.command.ProxyClassLoadingDelegate          : loaded 3 times (x 73B)
Class org.hotswap.agent.plugin.spring.boot.listener.PropertySourceChangeListener      : loaded 3 times (x 84B)
Class org.hotswap.agent.plugin.ibatis.IBatisTransformers                              : loaded 3 times (x 73B)
Class org.hotswap.agent.plugin.mybatis.transformers.MyBatisTransformers               : loaded 3 times (x 73B)
Class org.hotswap.agent.plugin.proxy.java.ProxyGenerator$PrimitiveTypeInfo            : loaded 3 times (x 74B)
Class org.hotswap.agent.plugin.spring.transformers.api.ReloadableResourcePropertySource: loaded 3 times (x 72B)
Class org.hotswap.agent.plugin.mybatis.transformers.MyBatisTransformers$1             : loaded 3 times (x 83B)
Class org.hotswap.agent.plugin.glassfish.GlassFishPlugin                              : loaded 3 times (x 73B)
Class org.hotswap.agent.plugin.deltaspike_jakarta.transformer.PartialBeanExtensionTransformer: loaded 3 times (x 73B)
Class org.hotswap.agent.plugin.deltaspike_jakarta.transformer.RepositoryTransformer   : loaded 3 times (x 73B)
Class org.hotswap.agent.plugin.owb.command.BeanClassRefreshCommand                    : loaded 3 times (x 82B)
Class org.hotswap.agent.plugin.proxy.hscglib.CglibEnhancerProxyBytecodeGenerator$FieldState: loaded 3 times (x 74B)
Class org.hotswap.agent.plugin.mojarra.MojarraPlugin$1                                : loaded 3 times (x 78B)
Class org.hotswap.agent.plugin.spring.transformers.XmlBeanDefinitionScannerTransformer: loaded 3 times (x 73B)
Class org.hotswap.agent.plugin.thymeleaf.ThymeleafPlugin                              : loaded 3 times (x 73B)
Class org.hotswap.agent.plugin.mybatisplus.proxy.ConfigurationPlusProxy               : loaded 3 times (x 76B)
Class org.hotswap.agent.plugin.deltaspike_jakarta.transformer.DeltaSpikeProxyTransformer: loaded 3 times (x 73B)
Class org.hotswap.agent.plugin.deltaspike_jakarta.transformer.HaAfteBeanDiscovery     : loaded 3 times (x 74B)
Class org.hotswap.agent.plugin.hibernate_jakarta.HibernateTransformers                : loaded 3 times (x 73B)
Class org.hotswap.agent.plugin.jbossmodules.ModuleClassLoaderTransformer              : loaded 3 times (x 73B)
Class org.hotswap.agent.plugin.weld.WeldClassSignatureHelper                          : loaded 3 times (x 73B)
Class org.hotswap.agent.plugin.owb_jakarta.transformer.BeansDeployerTransformer       : loaded 3 times (x 73B)
Class org.hotswap.agent.plugin.spring.boot.env.ListPropertySourceReloader             : loaded 3 times (x 86B)
Class org.hotswap.agent.plugin.velocity.VelocityPlugin                                : loaded 3 times (x 73B)
Class org.hotswap.agent.plugin.cxf.jaxrs.CxfJAXRSCommand                              : loaded 3 times (x 82B)
Class org.hotswap.agent.plugin.weld.transformer.ProxyFactoryTransformer$1             : loaded 3 times (x 83B)
Class org.hotswap.agent.plugin.proxy.hscglib.GeneratorParams                          : loaded 3 times (x 78B)
Class org.hotswap.agent.plugin.owb.transformer.ProxyFactoryTransformer$1              : loaded 3 times (x 83B)
Class jdk.proxy2.$Proxy163                                                            : loaded 3 times (x 225B)
Class org.hotswap.agent.plugin.weld.transformer.ProxyFactoryTransformer$2             : loaded 3 times (x 83B)
Class org.hotswap.agent.plugin.owb.transformer.ProxyFactoryTransformer$2              : loaded 3 times (x 83B)
Class org.hotswap.agent.plugin.myfaces.MyFacesPlugin$1                                : loaded 3 times (x 78B)
Class org.hotswap.agent.plugin.spring.files.PropertyReload                            : loaded 3 times (x 73B)
Class org.hotswap.agent.plugin.cxf.jaxrs.CxfJAXRSTransformer                          : loaded 3 times (x 73B)
Class org.hotswap.agent.plugin.owb_jakarta.transformer.ProxyFactoryTransformer        : loaded 3 times (x 73B)
Class org.hotswap.agent.plugin.wildfly.el.WildFlyELResolverPlugin                     : loaded 3 times (x 76B)
Class org.hotswap.agent.plugin.cxf.jaxrs.HaCdiExtraCxfContext                         : loaded 3 times (x 80B)
Class org.hotswap.agent.plugin.deltaspike.DeltaspikeClassSignatureHelper              : loaded 3 times (x 73B)
Class org.hotswap.agent.plugin.proxy.hscglib.CglibEnhancerProxyTransformer            : loaded 3 times (x 83B)
Class org.hotswap.agent.plugin.owb_jakarta.beans.ContextualReloadHelper               : loaded 3 times (x 73B)
Class org.hotswap.agent.plugin.cdi.HaCdiExtraContext                                  : loaded 3 times (x 72B)
Class org.hotswap.agent.plugin.spring.core.ResetTransactionAttributeCaches            : loaded 3 times (x 73B)
Class org.hotswap.agent.plugin.spring.core.ConfigurationClassPostProcessorEnhance     : loaded 3 times (x 79B)
Class org.hotswap.agent.plugin.hibernate_jakarta.HibernateJakartaPlugin               : loaded 3 times (x 80B)
Class jdk.proxy2.$Proxy166                                                            : loaded 3 times (x 225B)
Class org.hotswap.agent.plugin.glassfish.WebappClassLoaderTransformer                 : loaded 3 times (x 73B)
Class org.hotswap.agent.plugin.proxy.hscglib.CglibProxyBytecodeGenerator              : loaded 3 times (x 78B)
Class org.hotswap.agent.plugin.spring.reload.ReloadRepositories                       : loaded 3 times (x 73B)
Class org.hotswap.agent.plugin.spring.files.XmlBeanDefinitionScannerAgent             : loaded 3 times (x 76B)
Class jdk.proxy2.$Proxy167                                                            : loaded 3 times (x 227B)
Class org.hotswap.agent.plugin.spring.getbean.HotswapSpringInvocationHandler          : loaded 3 times (x 83B)
Class org.hotswap.agent.plugin.mybatisplus.MyBatisPlusPlugin                          : loaded 3 times (x 78B)
Class org.hotswap.agent.plugin.proxy.hscglib.CglibProxyBytecodeTransformer            : loaded 3 times (x 82B)
Class org.hotswap.agent.plugin.owb_jakarta.transformer.AbstractProducerTransformer    : loaded 3 times (x 73B)
Class org.hotswap.agent.plugin.weld_jakarta.command.BeanReloadExecutor                : loaded 3 times (x 73B)
Class org.hotswap.agent.plugin.owb.BeanReloadStrategy                                 : loaded 3 times (x 81B)
Class org.hotswap.agent.plugin.deltaspike.transformer.PartialBeanTransformer          : loaded 3 times (x 73B)
Class org.hotswap.agent.plugin.proxy.api.AbstractProxyTransformer                     : loaded 3 times (x 83B)
Class org.hotswap.agent.plugin.mybatis.transformers.XPathParserCaller                 : loaded 3 times (x 73B)
Class org.hotswap.agent.plugin.deltaspike_jakarta.command.RepositoryRefreshCommand    : loaded 3 times (x 81B)
Class org.hotswap.agent.plugin.spring.reload.SpringChangedAgent                       : loaded 3 times (x 95B)
Class org.hotswap.agent.plugin.spring.core.BeanFactoryProcessor                       : loaded 3 times (x 73B)
Class org.hotswap.agent.plugin.mybatisplus.MyBatisPlusRefreshCommands                 : loaded 3 times (x 73B)
Class org.hotswap.agent.plugin.webobjects.HotswapWebObjectsPlugin$ClearComponentCache : loaded 3 times (x 78B)
Class org.hotswap.agent.plugin.hibernate.HibernatePersistenceHelper                   : loaded 3 times (x 73B)
Class org.hotswap.agent.plugin.jvm.AnonymousClassPatchPlugin                          : loaded 3 times (x 73B)
Class org.hotswap.agent.plugin.proxy.java.ProxyGenerator$ProxyMethod                  : loaded 3 times (x 74B)
Class org.hotswap.agent.plugin.jersey1.Jersey1Plugin$1                                : loaded 3 times (x 78B)
Class org.hotswap.agent.plugin.spring.reload.ScanNewEntities                          : loaded 3 times (x 73B)
Class org.hotswap.agent.plugin.spring.transformers.InitDestroyAnnotationBeanPostProcessorTransformer: loaded 3 times (x 73B)
Class org.hotswap.agent.plugin.owb.OwbPlugin$1                                        : loaded 3 times (x 78B)
Class org.hotswap.agent.plugin.mybatis.MyBatisPlugin                                  : loaded 3 times (x 78B)
Class org.hotswap.agent.plugin.weld_jakarta.command.ProxyClassLoadingDelegate         : loaded 3 times (x 73B)
Class org.hotswap.agent.plugin.proxy.api.ProxyTransformer                             : loaded 3 times (x 72B)
Class org.hotswap.agent.plugin.hibernate.proxy.SessionFactoryProxy$1                  : loaded 3 times (x 78B)
Class org.hotswap.agent.plugin.deltaspike.transformer.HaAfteBeanDiscovery             : loaded 3 times (x 74B)
Class org.hotswap.agent.plugin.mybatisplus.transformers.MyBatisPlusTransformers$1     : loaded 3 times (x 84B)
Class org.hotswap.agent.plugin.jbossmodules.JBossModulesPlugin                        : loaded 3 times (x 75B)
Class org.hotswap.agent.plugin.proxy.java.ProxyGenerator                              : loaded 3 times (x 74B)
Class org.hotswap.agent.plugin.spring.files.PropertiesChangeEvent$PropertyChangeItem  : loaded 3 times (x 80B)
Class org.hotswap.agent.plugin.hibernate3.jpa.Hibernate3JPAPlugin                     : loaded 3 times (x 83B)
Class org.hotswap.agent.plugin.hotswapper.HotSwapperJpda                              : loaded 3 times (x 79B)
Class org.hotswap.agent.plugin.mybatisplus.transformers.MyBatisPlusTransformers$2     : loaded 3 times (x 83B)
Class org.hotswap.agent.plugin.weld_jakarta.command.BeanClassRefreshAgent             : loaded 3 times (x 77B)
Class org.hotswap.agent.plugin.proxy.java.ProxyGenerator$MethodInfo                   : loaded 3 times (x 75B)
Class org.hotswap.agent.plugin.owb_jakarta.command.BeanClassRefreshAgent              : loaded 3 times (x 73B)
Class org.hotswap.agent.plugin.hotswapper.HotSwapper                                  : loaded 3 times (x 73B)
Class org.hotswap.agent.plugin.mybatisplus.transformers.MyBatisPlusTransformers$3     : loaded 3 times (x 83B)
Class org.hotswap.agent.plugin.weld_jakarta.transformer.ProxyFactoryTransformer       : loaded 3 times (x 73B)
Class org.hotswap.agent.plugin.weld.beans.WeldHotswapContext                          : loaded 3 times (x 72B)
Class org.hotswap.agent.plugin.proxy.api.MultistepProxyTransformer                    : loaded 3 times (x 90B)
Class org.hotswap.agent.plugin.elresolver.PurgeBeanELResolverCacheCommand             : loaded 3 times (x 81B)
Class org.hotswap.agent.plugin.spring.transformers.ResourcePropertySourceTransformer  : loaded 3 times (x 73B)
Class org.hotswap.agent.plugin.mybatis.proxy.SpringMapperFactoryBean                  : loaded 3 times (x 73B)
Class org.hotswap.agent.plugin.undertow.UndertowPlugin                                : loaded 3 times (x 74B)
Class org.hotswap.agent.plugin.cxf.jaxrs.CxfJAXRSPlugin                               : loaded 3 times (x 81B)
Class org.hotswap.agent.plugin.myfaces.MyFacesConstants                               : loaded 3 times (x 73B)
Class org.hotswap.agent.plugin.spring.SpringPlugin                                    : loaded 3 times (x 83B)
Class org.hotswap.agent.plugin.freemarker.FreeMarkerPlugin$1                          : loaded 3 times (x 78B)
Class org.hotswap.agent.plugin.webobjects.HotswapWebObjectsPlugin$ClearActionCache    : loaded 3 times (x 78B)
Class org.hotswap.agent.plugin.spring.scanner.ClassPathBeanDefinitionScannerAgent     : loaded 3 times (x 77B)
Class org.hotswap.agent.plugin.hibernate3.jpa.Hibernate3JPAPlugin$1                   : loaded 3 times (x 78B)
Class org.hotswap.agent.plugin.hotswapper.HotswapperPlugin$1                          : loaded 3 times (x 78B)
Class org.hotswap.agent.plugin.jackson.JacksonPlugin$1                                : loaded 3 times (x 78B)
Class org.hotswap.agent.plugin.weld_jakarta.beans.ContextualReloadHelper              : loaded 3 times (x 73B)
Class com.example.SavedRecipeEntity                                                   : loaded 2 times (x 79B)
Class com.example.Services.RecipeRecommendation                                       : loaded 2 times (x 75B)
Class com.example.Services.InventoryServices                                          : loaded 2 times (x 79B)
Class com.example.RecipeDetailView                                                    : loaded 2 times (x 341B)
Class com.example.RecipeIngredient                                                    : loaded 2 times (x 83B)
Class com.example.Views.RecipeViewsGrid                                               : loaded 2 times (x 335B)
Class com.example.Repositories.InventoryRepository                                    : loaded 2 times (x 72B)
Class com.example.RecipeRepository                                                    : loaded 2 times (x 72B)
Class com.example.Recipes$HibernateProxy                                              : loaded 2 times (x 116B)
Class com.example.User                                                                : loaded 2 times (x 83B)
Class com.example.MainPageRecipeMethods                                               : loaded 2 times (x 73B)
Class com.example.SavedRecipeRepository                                               : loaded 2 times (x 72B)
Class com.example.RecipeEntity                                                        : loaded 2 times (x 85B)
Class com.example.Services.UnitConverterService                                       : loaded 2 times (x 75B)
Class com.example.User$HibernateProxy                                                 : loaded 2 times (x 117B)
Class com.example.Repositories.RecipeIngredientRepository                             : loaded 2 times (x 72B)
Class com.example.LoginView                                                           : loaded 2 times (x 141B)
Class com.example.MainPage                                                            : loaded 2 times (x 335B)
Class com.example.ProfileView                                                         : loaded 2 times (x 335B)
Class com.example.Services.UnitConverterService$ConversionResult                      : loaded 2 times (x 74B)
Class com.example.UserRepository                                                      : loaded 2 times (x 72B)
Class com.example.Services.RecipeServices                                             : loaded 2 times (x 79B)
Class com.example.Application                                                         : loaded 2 times (x 77B)
Class com.example.Inventory                                                           : loaded 2 times (x 93B)
Class com.example.Inventory$HibernateProxy                                            : loaded 2 times (x 127B)
Class com.example.Recipes                                                             : loaded 2 times (x 82B)
Class com.example.Repositories.RecipesRepository                                      : loaded 2 times (x 72B)
Class com.example.RecipeIngredient$HibernateProxy                                     : loaded 2 times (x 117B)
Class com.example.UserView                                                            : loaded 2 times (x 335B)
Class com.example.SavedRecipeEntity$HibernateProxy                                    : loaded 2 times (x 113B)
Class com.example.RecipeEntity$HibernateProxy                                         : loaded 2 times (x 119B)

---------------  S Y S T E M  ---------------

OS:
uname: Darwin 24.6.0 Darwin Kernel Version 24.6.0: Mon Jul 14 11:30:51 PDT 2025; root:xnu-11417.140.69~1/RELEASE_ARM64_T8112 arm64
OS uptime: 0 days 1:17 hours
rlimit (soft/hard): STACK 8176k/65520k , CORE 0k/infinity , NPROC 1333/2000 , NOFILE 1048576/infinity , AS infinity/infinity , CPU infinity/infinity , DATA infinity/infinity , FSIZE infinity/infinity , MEMLOCK infinity/infinity , RSS infinity/infinity
load average: 4.17 3.16 2.94

CPU: total 8 (initial active 8) 0x61:0x0:0xda33d83d:0, fp, asimd, aes, pmull, sha1, sha256, crc32, lse, sha3, sha512
machdep.cpu.brand_string:Apple M2
hw.cachelinesize:128
hw.l1icachesize:131072
hw.l1dcachesize:65536
hw.l2cachesize:4194304

Memory: 16k page, physical 8388608k(154512k free), swap 4194304k(746432k free)

vm_info: OpenJDK 64-Bit Server VM (25+36-b176.4) for bsd-aarch64 JRE (25+36-b176.4), built on 2025-10-22 with clang Apple LLVM 14.0.3 (clang-1403.0.22.14.1)

END.
